storm_id,source_file,storm_name,timestamp,t_hours,lng,lat,wind_speed,pressure
2020-0001,CH2020BST.txt,VONGFONG,2020-05-09T00:00:00Z,0,132.8,6.5,13,1004
2020-0001,CH2020BST.txt,VONGFONG,2020-05-09T06:00:00Z,6,132.5,6.7,13,1004
2020-0001,CH2020BST.txt,VONGFONG,2020-05-09T12:00:00Z,12,132.2,7.0,13,1004
2020-0001,CH2020BST.txt,VONGFONG,2020-05-09T18:00:00Z,18,131.8,7.3,15,1002
2020-0001,CH2020BST.txt,VONGFONG,2020-05-10T00:00:00Z,24,131.2,7.6,15,1002
2020-0001,CH2020BST.txt,VONGFONG,2020-05-10T06:00:00Z,30,130.7,7.8,15,1002
2020-0001,CH2020BST.txt,VONGFONG,2020-05-10T12:00:00Z,36,130.4,8.0,15,1002
2020-0001,CH2020BST.txt,VONGFONG,2020-05-10T18:00:00Z,42,130.0,8.2,15,1002
2020-0001,CH2020BST.txt,VONGFONG,2020-05-11T00:00:00Z,48,129.6,8.3,15,1002
2020-0001,CH2020BST.txt,VONGFONG,2020-05-11T06:00:00Z,54,129.3,8.7,15,1002
2020-0001,CH2020BST.txt,VONGFONG,2020-05-11T12:00:00Z,60,129.1,9.1,15,1002
2020-0001,CH2020BST.txt,VONGFONG,2020-05-11T18:00:00Z,66,129.2,9.6,15,1002
2020-0001,CH2020BST.txt,VONGFONG,2020-05-12T00:00:00Z,72,129.5,10.1,15,1002
2020-0001,CH2020BST.txt,VONGFONG,2020-05-12T06:00:00Z,78,129.6,10.8,15,1002
2020-0001,CH2020BST.txt,VONGFONG,2020-05-12T12:00:00Z,84,129.5,11.2,18,1000
2020-0001,CH2020BST.txt,VONGFONG,2020-05-12T18:00:00Z,90,129.3,11.7,20,995
2020-0001,CH2020BST.txt,VONGFONG,2020-05-13T00:00:00Z,96,128.9,11.9,25,990
2020-0001,CH2020BST.txt,VONGFONG,2020-05-13T06:00:00Z,102,128.4,12.1,30,980
2020-0001,CH2020BST.txt,VONGFONG,2020-05-13T12:00:00Z,108,127.8,12.2,38,970
2020-0001,CH2020BST.txt,VONGFONG,2020-05-13T18:00:00Z,114,127.0,12.2,42,960
2020-0001,CH2020BST.txt,VONGFONG,2020-05-14T00:00:00Z,120,126.2,12.1,45,955
2020-0001,CH2020BST.txt,VONGFONG,2020-05-14T06:00:00Z,126,125.3,12.2,48,950
2020-0001,CH2020BST.txt,VONGFONG,2020-05-14T12:00:00Z,132,124.5,12.4,40,965
2020-0001,CH2020BST.txt,VONGFONG,2020-05-14T18:00:00Z,138,123.6,12.8,35,970
2020-0001,CH2020BST.txt,VONGFONG,2020-05-15T00:00:00Z,144,122.8,13.2,35,970
2020-0001,CH2020BST.txt,VONGFONG,2020-05-15T06:00:00Z,150,122.0,13.9,28,985
2020-0001,CH2020BST.txt,VONGFONG,2020-05-15T12:00:00Z,156,121.2,15.0,25,990
2020-0001,CH2020BST.txt,VONGFONG,2020-05-15T18:00:00Z,162,120.7,16.0,23,992
2020-0001,CH2020BST.txt,VONGFONG,2020-05-16T00:00:00Z,168,120.2,16.8,20,995
2020-0001,CH2020BST.txt,VONGFONG,2020-05-16T06:00:00Z,174,119.8,18.1,18,998
2020-0001,CH2020BST.txt,VONGFONG,2020-05-16T12:00:00Z,180,119.5,18.9,15,1000
2020-0001,CH2020BST.txt,VONGFONG,2020-05-16T18:00:00Z,186,119.6,19.8,15,1000
2020-0001,CH2020BST.txt,VONGFONG,2020-05-17T00:00:00Z,192,120.1,20.6,13,1002
2020-0001,CH2020BST.txt,VONGFONG,2020-05-17T06:00:00Z,198,121.1,21.4,13,1002
2020-0001,CH2020BST.txt,VONGFONG,2020-05-17T12:00:00Z,204,122.1,21.8,13,1002
2020-0001,CH2020BST.txt,VONGFONG,2020-05-17T18:00:00Z,210,123.1,22.2,13,1002
2020-0001,CH2020BST.txt,VONGFONG,2020-05-18T00:00:00Z,216,124.6,22.6,13,1002
2020-0002,CH2020BST.txt,NURI,2020-06-10T00:00:00Z,0,125.7,11.8,10,1008
2020-0002,CH2020BST.txt,NURI,2020-06-10T06:00:00Z,6,124.9,12.4,13,1006
2020-0002,CH2020BST.txt,NURI,2020-06-10T12:00:00Z,12,124.5,13.0,13,1006
2020-0002,CH2020BST.txt,NURI,2020-06-10T18:00:00Z,18,124.3,13.7,13,1004
2020-0002,CH2020BST.txt,NURI,2020-06-11T00:00:00Z,24,123.5,14.2,13,1004
2020-0002,CH2020BST.txt,NURI,2020-06-11T06:00:00Z,30,122.6,14.5,13,1004
2020-0002,CH2020BST.txt,NURI,2020-06-11T12:00:00Z,36,121.8,14.9,15,1002
2020-0002,CH2020BST.txt,NURI,2020-06-11T18:00:00Z,42,120.7,15.4,15,1002
2020-0002,CH2020BST.txt,NURI,2020-06-12T00:00:00Z,48,119.7,16.0,15,1002
2020-0002,CH2020BST.txt,NURI,2020-06-12T06:00:00Z,54,118.3,16.5,15,1000
2020-0002,CH2020BST.txt,NURI,2020-06-12T12:00:00Z,60,117.3,16.9,18,998
2020-0002,CH2020BST.txt,NURI,2020-06-12T18:00:00Z,66,116.3,17.5,20,995
2020-0002,CH2020BST.txt,NURI,2020-06-13T00:00:00Z,72,115.8,18.2,20,995
2020-0002,CH2020BST.txt,NURI,2020-06-13T03:00:00Z,75,115.5,18.9,20,995
2020-0002,CH2020BST.txt,NURI,2020-06-13T06:00:00Z,78,115.1,19.5,20,995
2020-0002,CH2020BST.txt,NURI,2020-06-13T09:00:00Z,81,114.7,20.1,20,995
2020-0002,CH2020BST.txt,NURI,2020-06-13T12:00:00Z,84,114.2,20.3,20,995
2020-0002,CH2020BST.txt,NURI,2020-06-13T15:00:00Z,87,113.8,20.4,20,995
2020-0002,CH2020BST.txt,NURI,2020-06-13T18:00:00Z,90,113.2,20.7,20,995
2020-0002,CH2020BST.txt,NURI,2020-06-13T21:00:00Z,93,112.6,21.2,20,995
2020-0002,CH2020BST.txt,NURI,2020-06-14T00:00:00Z,96,112.1,21.6,20,995
2020-0002,CH2020BST.txt,NURI,2020-06-14T03:00:00Z,99,111.7,21.8,18,995
2020-0002,CH2020BST.txt,NURI,2020-06-14T06:00:00Z,102,111.1,22.1,15,998
2020-0002,CH2020BST.txt,NURI,2020-06-14T09:00:00Z,105,110.3,22.6,13,1002
2020-0002,CH2020BST.txt,NURI,2020-06-14T12:00:00Z,108,109.4,23.1,10,1005
2020-0003,CH2020BST.txt,SINLAKU,2020-07-31T06:00:00Z,0,113.5,16.9,13,998
2020-0003,CH2020BST.txt,SINLAKU,2020-07-31T09:00:00Z,3,113.0,17.0,13,998
2020-0003,CH2020BST.txt,SINLAKU,2020-07-31T12:00:00Z,6,112.5,17.1,13,996
2020-0003,CH2020BST.txt,SINLAKU,2020-07-31T15:00:00Z,9,111.9,17.3,13,996
2020-0003,CH2020BST.txt,SINLAKU,2020-07-31T18:00:00Z,12,111.3,17.8,13,996
2020-0003,CH2020BST.txt,SINLAKU,2020-07-31T21:00:00Z,15,110.9,18.4,13,995
2020-0003,CH2020BST.txt,SINLAKU,2020-08-01T00:00:00Z,18,110.4,18.9,13,995
2020-0003,CH2020BST.txt,SINLAKU,2020-08-01T03:00:00Z,21,109.5,18.9,13,995
2020-0003,CH2020BST.txt,SINLAKU,2020-08-01T06:00:00Z,24,108.7,19.0,13,994
2020-0003,CH2020BST.txt,SINLAKU,2020-08-01T12:00:00Z,30,107.7,19.0,18,992
2020-0003,CH2020BST.txt,SINLAKU,2020-08-01T18:00:00Z,36,107.1,19.2,18,992
2020-0003,CH2020BST.txt,SINLAKU,2020-08-02T00:00:00Z,42,106.5,19.5,18,992
2020-0003,CH2020BST.txt,SINLAKU,2020-08-02T06:00:00Z,48,105.9,19.7,18,992
2020-0003,CH2020BST.txt,SINLAKU,2020-08-02T12:00:00Z,54,104.6,19.7,15,994
2020-0003,CH2020BST.txt,SINLAKU,2020-08-02T18:00:00Z,60,103.4,19.6,13,996
2020-0003,CH2020BST.txt,SINLAKU,2020-08-03T00:00:00Z,66,101.9,19.4,13,996
2020-0004,CH2020BST.txt,HAGUPIT,2020-07-31T18:00:00Z,0,129.5,18.9,13,1005
2020-0004,CH2020BST.txt,HAGUPIT,2020-08-01T00:00:00Z,6,128.9,20.0,13,1005
2020-0004,CH2020BST.txt,HAGUPIT,2020-08-01T06:00:00Z,12,127.9,20.8,15,1002
2020-0004,CH2020BST.txt,HAGUPIT,2020-08-01T12:00:00Z,18,126.9,21.3,18,998
2020-0004,CH2020BST.txt,HAGUPIT,2020-08-01T18:00:00Z,24,126.0,21.9,18,998
2020-0004,CH2020BST.txt,HAGUPIT,2020-08-02T00:00:00Z,30,125.1,22.6,20,995
2020-0004,CH2020BST.txt,HAGUPIT,2020-08-02T06:00:00Z,36,124.5,23.1,23,992
2020-0004,CH2020BST.txt,HAGUPIT,2020-08-02T12:00:00Z,42,124.2,23.6,23,992
2020-0004,CH2020BST.txt,HAGUPIT,2020-08-02T18:00:00Z,48,123.9,24.1,25,990
2020-0004,CH2020BST.txt,HAGUPIT,2020-08-02T21:00:00Z,51,123.6,24.5,28,988
2020-0004,CH2020BST.txt,HAGUPIT,2020-08-03T00:00:00Z,54,123.4,25.0,30,985
2020-0004,CH2020BST.txt,HAGUPIT,2020-08-03T03:00:00Z,57,123.0,25.6,30,985
2020-0004,CH2020BST.txt,HAGUPIT,2020-08-03T06:00:00Z,60,122.5,26.2,33,980
2020-0004,CH2020BST.txt,HAGUPIT,2020-08-03T09:00:00Z,63,122.1,26.5,38,970
2020-0004,CH2020BST.txt,HAGUPIT,2020-08-03T12:00:00Z,66,121.7,26.8,42,965
2020-0004,CH2020BST.txt,HAGUPIT,2020-08-03T15:00:00Z,69,121.4,27.2,42,965
2020-0004,CH2020BST.txt,HAGUPIT,2020-08-03T18:00:00Z,72,121.1,27.8,42,965
2020-0004,CH2020BST.txt,HAGUPIT,2020-08-03T21:00:00Z,75,120.8,28.3,38,970
2020-0004,CH2020BST.txt,HAGUPIT,2020-08-04T00:00:00Z,78,120.6,28.6,28,985
2020-0004,CH2020BST.txt,HAGUPIT,2020-08-04T03:00:00Z,81,120.6,29.0,28,985
2020-0004,CH2020BST.txt,HAGUPIT,2020-08-04T06:00:00Z,84,120.6,29.6,25,990
2020-0004,CH2020BST.txt,HAGUPIT,2020-08-04T09:00:00Z,87,120.6,30.1,23,995
2020-0004,CH2020BST.txt,HAGUPIT,2020-08-04T12:00:00Z,90,120.6,30.8,23,995
2020-0004,CH2020BST.txt,HAGUPIT,2020-08-04T15:00:00Z,93,120.6,31.6,20,998
2020-0004,CH2020BST.txt,HAGUPIT,2020-08-04T18:00:00Z,96,120.5,32.5,20,998
2020-0004,CH2020BST.txt,HAGUPIT,2020-08-04T21:00:00Z,99,120.5,33.5,18,998
2020-0004,CH2020BST.txt,HAGUPIT,2020-08-05T00:00:00Z,102,120.9,34.2,18,998
2020-0004,CH2020BST.txt,HAGUPIT,2020-08-05T06:00:00Z,108,121.5,35.2,18,998
2020-0004,CH2020BST.txt,HAGUPIT,2020-08-05T12:00:00Z,114,122.6,36.6,18,998
2020-0004,CH2020BST.txt,HAGUPIT,2020-08-05T18:00:00Z,120,124.6,38.3,18,998
2020-0004,CH2020BST.txt,HAGUPIT,2020-08-06T00:00:00Z,126,128.4,40.0,18,998
2020-0004,CH2020BST.txt,HAGUPIT,2020-08-06T06:00:00Z,132,132.3,41.4,18,998
2020-0004,CH2020BST.txt,HAGUPIT,2020-08-06T12:00:00Z,138,134.7,42.3,18,995
2020-0004,CH2020BST.txt,HAGUPIT,2020-08-06T18:00:00Z,144,137.0,43.0,20,992
2020-0004,CH2020BST.txt,HAGUPIT,2020-08-07T00:00:00Z,150,139.5,43.7,20,992
2020-0004,CH2020BST.txt,HAGUPIT,2020-08-07T06:00:00Z,156,142.5,44.6,20,992
2020-0004,CH2020BST.txt,HAGUPIT,2020-08-07T12:00:00Z,162,145.7,46.3,20,992
2020-0004,CH2020BST.txt,HAGUPIT,2020-08-07T18:00:00Z,168,148.0,47.2,20,992
2020-0004,CH2020BST.txt,HAGUPIT,2020-08-08T00:00:00Z,174,150.6,48.0,20,992
2020-0004,CH2020BST.txt,HAGUPIT,2020-08-08T06:00:00Z,180,153.8,48.8,20,990
2020-0004,CH2020BST.txt,HAGUPIT,2020-08-08T12:00:00Z,186,156.4,49.5,20,988
2020-0004,CH2020BST.txt,HAGUPIT,2020-08-08T18:00:00Z,192,158.5,49.8,20,988
2020-0004,CH2020BST.txt,HAGUPIT,2020-08-09T00:00:00Z,198,160.4,50.1,20,988
2020-0004,CH2020BST.txt,HAGUPIT,2020-08-09T06:00:00Z,204,162.5,50.5,18,992
2020-0004,CH2020BST.txt,HAGUPIT,2020-08-09T12:00:00Z,210,164.6,50.8,18,992
2020-0004,CH2020BST.txt,HAGUPIT,2020-08-09T18:00:00Z,216,166.9,51.0,18,992
2020-0004,CH2020BST.txt,HAGUPIT,2020-08-10T00:00:00Z,222,169.1,51.1,18,992
2020-0004,CH2020BST.txt,HAGUPIT,2020-08-10T06:00:00Z,228,170.8,51.1,15,995
2020-0004,CH2020BST.txt,HAGUPIT,2020-08-10T12:00:00Z,234,172.6,51.2,15,995
2020-0004,CH2020BST.txt,HAGUPIT,2020-08-10T18:00:00Z,240,174.0,51.5,13,995
2020-0004,CH2020BST.txt,HAGUPIT,2020-08-11T00:00:00Z,246,175.4,51.8,13,995
2020-0004,CH2020BST.txt,HAGUPIT,2020-08-11T06:00:00Z,252,176.8,51.9,13,998
2020-0004,CH2020BST.txt,HAGUPIT,2020-08-11T12:00:00Z,258,178.1,52.0,13,1000
2020-0004,CH2020BST.txt,HAGUPIT,2020-08-11T18:00:00Z,264,179.5,52.0,13,1002
2020-0004,CH2020BST.txt,HAGUPIT,2020-08-12T00:00:00Z,270,181.1,52.1,13,1002
2020-0005,CH2020BST.txt,JANGMI,2020-08-07T06:00:00Z,0,125.8,15.3,15,1000
2020-0005,CH2020BST.txt,JANGMI,2020-08-07T12:00:00Z,6,126.3,15.7,15,1000
2020-0005,CH2020BST.txt,JANGMI,2020-08-07T18:00:00Z,12,126.7,16.3,15,1000
2020-0005,CH2020BST.txt,JANGMI,2020-08-08T00:00:00Z,18,126.9,16.9,15,1000
2020-0005,CH2020BST.txt,JANGMI,2020-08-08T06:00:00Z,24,126.6,17.9,15,1000
2020-0005,CH2020BST.txt,JANGMI,2020-08-08T12:00:00Z,30,126.4,19.1,15,1000
2020-0005,CH2020BST.txt,JANGMI,2020-08-08T18:00:00Z,36,126.3,21.0,18,998
2020-0005,CH2020BST.txt,JANGMI,2020-08-09T00:00:00Z,42,126.2,23.1,18,998
2020-0005,CH2020BST.txt,JANGMI,2020-08-09T06:00:00Z,48,126.2,25.4,20,995
2020-0005,CH2020BST.txt,JANGMI,2020-08-09T12:00:00Z,54,126.2,27.5,23,992
2020-0005,CH2020BST.txt,JANGMI,2020-08-09T18:00:00Z,60,126.6,29.7,23,992
2020-0005,CH2020BST.txt,JANGMI,2020-08-10T00:00:00Z,66,127.6,32.1,23,992
2020-0005,CH2020BST.txt,JANGMI,2020-08-10T06:00:00Z,72,128.8,34.8,20,995
2020-0005,CH2020BST.txt,JANGMI,2020-08-10T12:00:00Z,78,130.1,37.3,20,995
2020-0005,CH2020BST.txt,JANGMI,2020-08-10T18:00:00Z,84,132.0,39.8,18,998
2020-0005,CH2020BST.txt,JANGMI,2020-08-11T00:00:00Z,90,135.9,42.7,18,995
2020-0005,CH2020BST.txt,JANGMI,2020-08-11T06:00:00Z,96,139.4,44.6,18,995
2020-0005,CH2020BST.txt,JANGMI,2020-08-11T12:00:00Z,102,143.7,46.4,15,998
2020-0005,CH2020BST.txt,JANGMI,2020-08-11T18:00:00Z,108,148.4,47.4,15,998
2020-0005,CH2020BST.txt,JANGMI,2020-08-12T00:00:00Z,114,152.0,47.5,15,998
2020-0005,CH2020BST.txt,JANGMI,2020-08-12T06:00:00Z,120,153.6,48.0,15,998
2020-0005,CH2020BST.txt,JANGMI,2020-08-12T12:00:00Z,126,155.3,48.6,15,995
2020-0005,CH2020BST.txt,JANGMI,2020-08-12T18:00:00Z,132,157.3,49.0,15,995
2020-0005,CH2020BST.txt,JANGMI,2020-08-13T00:00:00Z,138,158.8,49.3,15,995
2020-0005,CH2020BST.txt,JANGMI,2020-08-13T06:00:00Z,144,159.5,49.6,15,995
2020-0005,CH2020BST.txt,JANGMI,2020-08-13T12:00:00Z,150,160.3,49.4,15,995
2020-0005,CH2020BST.txt,JANGMI,2020-08-13T18:00:00Z,156,161.2,49.2,15,995
2020-0005,CH2020BST.txt,JANGMI,2020-08-14T00:00:00Z,162,162.1,49.1,15,995
2020-0005,CH2020BST.txt,JANGMI,2020-08-14T06:00:00Z,168,162.2,49.7,15,995
2020-0006,CH2020BST.txt,MEKKHALA,2020-08-09T00:00:00Z,0,117.9,15.2,13,1004
2020-0006,CH2020BST.txt,MEKKHALA,2020-08-09T06:00:00Z,6,118.1,16.0,13,1004
2020-0006,CH2020BST.txt,MEKKHALA,2020-08-09T12:00:00Z,12,118.4,16.8,15,1002
2020-0006,CH2020BST.txt,MEKKHALA,2020-08-09T18:00:00Z,18,118.5,17.7,15,1002
2020-0006,CH2020BST.txt,MEKKHALA,2020-08-10T00:00:00Z,24,118.5,19.0,18,1000
2020-0006,CH2020BST.txt,MEKKHALA,2020-08-10T03:00:00Z,27,118.5,19.6,18,1000
2020-0006,CH2020BST.txt,MEKKHALA,2020-08-10T06:00:00Z,30,118.6,20.3,20,998
2020-0006,CH2020BST.txt,MEKKHALA,2020-08-10T09:00:00Z,33,118.6,20.9,23,995
2020-0006,CH2020BST.txt,MEKKHALA,2020-08-10T12:00:00Z,36,118.5,21.6,25,990
2020-0006,CH2020BST.txt,MEKKHALA,2020-08-10T15:00:00Z,39,118.4,22.2,25,990
2020-0006,CH2020BST.txt,MEKKHALA,2020-08-10T18:00:00Z,42,118.2,22.9,28,985
2020-0006,CH2020BST.txt,MEKKHALA,2020-08-10T21:00:00Z,45,118.0,23.5,33,980
2020-0006,CH2020BST.txt,MEKKHALA,2020-08-11T00:00:00Z,48,117.8,24.1,38,975
2020-0006,CH2020BST.txt,MEKKHALA,2020-08-11T03:00:00Z,51,117.5,24.7,23,995
2020-0006,CH2020BST.txt,MEKKHALA,2020-08-11T06:00:00Z,54,117.0,25.5,15,1002
2020-0007,CH2020BST.txt,,2020-08-09T00:00:00Z,0,148.8,25.6,13,1014
2020-0007,CH2020BST.txt,,2020-08-09T06:00:00Z,6,148.3,25.9,13,1014
2020-0007,CH2020BST.txt,,2020-08-09T12:00:00Z,12,147.7,26.0,15,1012
2020-0007,CH2020BST.txt,,2020-08-09T18:00:00Z,18,147.0,26.1,15,1012
2020-0007,CH2020BST.txt,,2020-08-10T00:00:00Z,24,146.2,26.1,15,1012
2020-0007,CH2020BST.txt,,2020-08-10T06:00:00Z,30,145.3,26.2,15,1012
2020-0007,CH2020BST.txt,,2020-08-10T12:00:00Z,36,144.1,26.3,15,1012
2020-0007,CH2020BST.txt,,2020-08-10T18:00:00Z,42,142.8,26.4,13,1012
2020-0007,CH2020BST.txt,,2020-08-11T00:00:00Z,48,141.5,26.6,13,1012
2020-0007,CH2020BST.txt,,2020-08-11T06:00:00Z,54,140.5,26.6,13,1012
2020-0007,CH2020BST.txt,,2020-08-11T12:00:00Z,60,139.3,26.5,13,1012
2020-0007,CH2020BST.txt,,2020-08-11T18:00:00Z,66,137.9,26.5,13,1012
2020-0007,CH2020BST.txt,,2020-08-12T00:00:00Z,72,136.6,26.2,13,1012
2020-0007,CH2020BST.txt,,2020-08-12T06:00:00Z,78,135.4,25.8,13,1012
2020-0007,CH2020BST.txt,,2020-08-12T12:00:00Z,84,134.2,25.3,13,1012
2020-0007,CH2020BST.txt,,2020-08-12T18:00:00Z,90,133.0,24.8,13,1012
2020-0007,CH2020BST.txt,,2020-08-13T00:00:00Z,96,131.7,24.1,13,1012
2020-0008,CH2020BST.txt,HIGOS,2020-08-16T06:00:00Z,0,123.2,17.5,13,1006
2020-0008,CH2020BST.txt,HIGOS,2020-08-16T12:00:00Z,6,123.2,17.5,13,1006
2020-0008,CH2020BST.txt,HIGOS,2020-08-16T18:00:00Z,12,122.6,18.3,13,1006
2020-0008,CH2020BST.txt,HIGOS,2020-08-17T00:00:00Z,18,122.0,18.8,13,1006
2020-0008,CH2020BST.txt,HIGOS,2020-08-17T06:00:00Z,24,120.8,19.2,13,1006
2020-0008,CH2020BST.txt,HIGOS,2020-08-17T12:00:00Z,30,119.7,19.5,15,1004
2020-0008,CH2020BST.txt,HIGOS,2020-08-17T18:00:00Z,36,118.5,19.9,15,1004
2020-0008,CH2020BST.txt,HIGOS,2020-08-18T00:00:00Z,42,117.0,20.3,18,998
2020-0008,CH2020BST.txt,HIGOS,2020-08-18T03:00:00Z,45,116.4,20.4,20,995
2020-0008,CH2020BST.txt,HIGOS,2020-08-18T06:00:00Z,48,115.8,20.7,23,990
2020-0008,CH2020BST.txt,HIGOS,2020-08-18T09:00:00Z,51,115.3,20.9,28,982
2020-0008,CH2020BST.txt,HIGOS,2020-08-18T12:00:00Z,54,114.8,21.1,33,975
2020-0008,CH2020BST.txt,HIGOS,2020-08-18T15:00:00Z,57,114.3,21.3,33,975
2020-0008,CH2020BST.txt,HIGOS,2020-08-18T18:00:00Z,60,113.8,21.6,35,970
2020-0008,CH2020BST.txt,HIGOS,2020-08-18T21:00:00Z,63,113.5,21.9,35,970
2020-0008,CH2020BST.txt,HIGOS,2020-08-19T00:00:00Z,66,113.1,22.2,30,980
2020-0008,CH2020BST.txt,HIGOS,2020-08-19T03:00:00Z,69,112.7,22.6,23,992
2020-0008,CH2020BST.txt,HIGOS,2020-08-19T06:00:00Z,72,112.2,23.0,20,995
2020-0008,CH2020BST.txt,HIGOS,2020-08-19T09:00:00Z,75,111.5,23.5,18,998
2020-0008,CH2020BST.txt,HIGOS,2020-08-19T12:00:00Z,78,110.9,23.9,15,1000
2020-0008,CH2020BST.txt,HIGOS,2020-08-19T15:00:00Z,81,110.4,24.4,13,1004
2020-0009,CH2020BST.txt,BAVI,2020-08-21T00:00:00Z,0,123.3,20.5,13,1002
2020-0009,CH2020BST.txt,BAVI,2020-08-21T06:00:00Z,6,123.5,21.3,13,1002
2020-0009,CH2020BST.txt,BAVI,2020-08-21T12:00:00Z,12,123.3,21.9,15,1000
2020-0009,CH2020BST.txt,BAVI,2020-08-21T18:00:00Z,18,122.9,22.5,15,1000
2020-0009,CH2020BST.txt,BAVI,2020-08-22T00:00:00Z,24,122.6,23.3,18,998
2020-0009,CH2020BST.txt,BAVI,2020-08-22T06:00:00Z,30,123.0,24.3,23,992
2020-0009,CH2020BST.txt,BAVI,2020-08-22T12:00:00Z,36,123.7,25.2,28,985
2020-0009,CH2020BST.txt,BAVI,2020-08-22T18:00:00Z,42,123.8,25.8,28,985
2020-0009,CH2020BST.txt,BAVI,2020-08-23T00:00:00Z,48,123.9,26.3,28,985
2020-0009,CH2020BST.txt,BAVI,2020-08-23T06:00:00Z,54,124.3,26.7,30,980
2020-0009,CH2020BST.txt,BAVI,2020-08-23T12:00:00Z,60,124.9,27.0,30,980
2020-0009,CH2020BST.txt,BAVI,2020-08-23T18:00:00Z,66,125.5,27.2,33,975
2020-0009,CH2020BST.txt,BAVI,2020-08-24T00:00:00Z,72,126.2,27.3,35,970
2020-0009,CH2020BST.txt,BAVI,2020-08-24T06:00:00Z,78,126.5,27.9,35,970
2020-0009,CH2020BST.txt,BAVI,2020-08-24T12:00:00Z,84,126.2,28.4,38,965
2020-0009,CH2020BST.txt,BAVI,2020-08-24T18:00:00Z,90,126.0,28.7,40,960
2020-0009,CH2020BST.txt,BAVI,2020-08-25T00:00:00Z,96,125.8,29.1,40,960
2020-0009,CH2020BST.txt,BAVI,2020-08-25T06:00:00Z,102,125.4,29.9,42,955
2020-0009,CH2020BST.txt,BAVI,2020-08-25T12:00:00Z,108,125.0,30.6,42,955
2020-0009,CH2020BST.txt,BAVI,2020-08-25T18:00:00Z,114,124.7,31.4,42,955
2020-0009,CH2020BST.txt,BAVI,2020-08-26T00:00:00Z,120,124.5,32.4,45,950
2020-0009,CH2020BST.txt,BAVI,2020-08-26T06:00:00Z,126,124.4,33.6,45,950
2020-0009,CH2020BST.txt,BAVI,2020-08-26T12:00:00Z,132,124.5,35.1,42,955
2020-0009,CH2020BST.txt,BAVI,2020-08-26T18:00:00Z,138,124.6,37.0,38,965
2020-0009,CH2020BST.txt,BAVI,2020-08-27T00:00:00Z,144,124.7,39.2,30,980
2020-0009,CH2020BST.txt,BAVI,2020-08-27T06:00:00Z,150,125.5,42.2,20,990
2020-0009,CH2020BST.txt,BAVI,2020-08-27T12:00:00Z,156,126.0,44.2,15,998
2020-0009,CH2020BST.txt,BAVI,2020-08-27T18:00:00Z,162,126.9,45.5,13,998
2020-0009,CH2020BST.txt,BAVI,2020-08-28T00:00:00Z,168,127.0,46.0,13,1002
2020-0010,CH2020BST.txt,MAYSAK,2020-08-28T00:00:00Z,0,130.9,17.2,15,1000
2020-0010,CH2020BST.txt,MAYSAK,2020-08-28T06:00:00Z,6,130.3,17.0,15,1000
2020-0010,CH2020BST.txt,MAYSAK,2020-08-28T12:00:00Z,12,129.9,16.6,18,998
2020-0010,CH2020BST.txt,MAYSAK,2020-08-28T18:00:00Z,18,129.6,16.4,18,998
2020-0010,CH2020BST.txt,MAYSAK,2020-08-29T00:00:00Z,24,129.3,16.4,25,990
2020-0010,CH2020BST.txt,MAYSAK,2020-08-29T06:00:00Z,30,129.0,16.6,25,990
2020-0010,CH2020BST.txt,MAYSAK,2020-08-29T12:00:00Z,36,128.9,16.8,28,985
2020-0010,CH2020BST.txt,MAYSAK,2020-08-29T18:00:00Z,42,128.9,17.0,33,975
2020-0010,CH2020BST.txt,MAYSAK,2020-08-30T00:00:00Z,48,129.0,17.4,38,965
2020-0010,CH2020BST.txt,MAYSAK,2020-08-30T06:00:00Z,54,129.0,18.5,38,965
2020-0010,CH2020BST.txt,MAYSAK,2020-08-30T12:00:00Z,60,129.0,19.6,42,955
2020-0010,CH2020BST.txt,MAYSAK,2020-08-30T18:00:00Z,66,128.8,20.9,42,955
2020-0010,CH2020BST.txt,MAYSAK,2020-08-31T00:00:00Z,72,128.5,22.5,42,955
2020-0010,CH2020BST.txt,MAYSAK,2020-08-31T06:00:00Z,78,127.6,24.2,45,950
2020-0010,CH2020BST.txt,MAYSAK,2020-08-31T12:00:00Z,84,127.1,25.1,48,945
2020-0010,CH2020BST.txt,MAYSAK,2020-08-31T18:00:00Z,90,126.5,26.1,52,940
2020-0010,CH2020BST.txt,MAYSAK,2020-09-01T00:00:00Z,96,126.1,26.9,52,940
2020-0010,CH2020BST.txt,MAYSAK,2020-09-01T06:00:00Z,102,126.1,27.6,52,940
2020-0010,CH2020BST.txt,MAYSAK,2020-09-01T12:00:00Z,108,126.3,28.4,52,940
2020-0010,CH2020BST.txt,MAYSAK,2020-09-01T18:00:00Z,114,126.6,29.4,48,945
2020-0010,CH2020BST.txt,MAYSAK,2020-09-02T00:00:00Z,120,126.9,30.5,45,950
2020-0010,CH2020BST.txt,MAYSAK,2020-09-02T06:00:00Z,126,127.2,31.7,42,955
2020-0010,CH2020BST.txt,MAYSAK,2020-09-02T12:00:00Z,132,127.9,33.3,42,955
2020-0010,CH2020BST.txt,MAYSAK,2020-09-02T18:00:00Z,138,128.7,35.4,40,960
2020-0010,CH2020BST.txt,MAYSAK,2020-09-03T00:00:00Z,144,129.4,39.1,33,970
2020-0010,CH2020BST.txt,MAYSAK,2020-09-03T06:00:00Z,150,128.8,42.7,23,975
2020-0010,CH2020BST.txt,MAYSAK,2020-09-03T12:00:00Z,156,126.9,45.1,18,978
2020-0010,CH2020BST.txt,MAYSAK,2020-09-03T18:00:00Z,162,125.4,47.0,18,978
2020-0010,CH2020BST.txt,MAYSAK,2020-09-04T00:00:00Z,168,124.5,47.8,18,978
2020-0010,CH2020BST.txt,MAYSAK,2020-09-04T06:00:00Z,174,123.1,49.1,15,980
2020-0010,CH2020BST.txt,MAYSAK,2020-09-04T12:00:00Z,180,122.8,49.6,15,980
2020-0010,CH2020BST.txt,MAYSAK,2020-09-04T18:00:00Z,186,123.4,49.9,13,990
2020-0010,CH2020BST.txt,MAYSAK,2020-09-05T00:00:00Z,192,124.3,50.2,13,990
2020-0010,CH2020BST.txt,MAYSAK,2020-09-05T06:00:00Z,198,125.1,51.3,10,998
2020-0010,CH2020BST.txt,MAYSAK,2020-09-05T12:00:00Z,204,126.0,52.5,10,998
2020-0010,CH2020BST.txt,MAYSAK,2020-09-05T18:00:00Z,210,126.6,53.0,10,1000
2020-0010,CH2020BST.txt,MAYSAK,2020-09-06T00:00:00Z,216,127.0,53.5,10,1002
2020-0011,CH2020BST.txt,HAISHEN,2020-08-31T00:00:00Z,0,147.3,23.7,13,1002
2020-0011,CH2020BST.txt,HAISHEN,2020-08-31T06:00:00Z,6,146.5,23.4,13,1002
2020-0011,CH2020BST.txt,HAISHEN,2020-08-31T12:00:00Z,12,145.9,23.0,15,1000
2020-0011,CH2020BST.txt,HAISHEN,2020-08-31T18:00:00Z,18,145.4,22.4,15,1000
2020-0011,CH2020BST.txt,HAISHEN,2020-09-01T00:00:00Z,24,145.0,21.7,15,1000
2020-0011,CH2020BST.txt,HAISHEN,2020-09-01T06:00:00Z,30,144.5,20.9,18,998
2020-0011,CH2020BST.txt,HAISHEN,2020-09-01T12:00:00Z,36,144.1,20.4,18,998
2020-0011,CH2020BST.txt,HAISHEN,2020-09-01T18:00:00Z,42,143.6,20.0,20,995
2020-0011,CH2020BST.txt,HAISHEN,2020-09-02T00:00:00Z,48,142.4,19.3,25,990
2020-0011,CH2020BST.txt,HAISHEN,2020-09-02T06:00:00Z,54,141.3,19.3,30,980
2020-0011,CH2020BST.txt,HAISHEN,2020-09-02T12:00:00Z,60,140.4,19.6,30,980
2020-0011,CH2020BST.txt,HAISHEN,2020-09-02T18:00:00Z,66,139.4,19.9,33,975
2020-0011,CH2020BST.txt,HAISHEN,2020-09-03T00:00:00Z,72,138.4,20.2,35,970
2020-0011,CH2020BST.txt,HAISHEN,2020-09-03T06:00:00Z,78,137.5,20.6,38,965
2020-0011,CH2020BST.txt,HAISHEN,2020-09-03T12:00:00Z,84,136.5,21.0,42,955
2020-0011,CH2020BST.txt,HAISHEN,2020-09-03T18:00:00Z,90,135.8,21.3,48,945
2020-0011,CH2020BST.txt,HAISHEN,2020-09-04T00:00:00Z,96,135.1,21.7,52,935
2020-0011,CH2020BST.txt,HAISHEN,2020-09-04T06:00:00Z,102,134.3,22.2,58,925
2020-0011,CH2020BST.txt,HAISHEN,2020-09-04T12:00:00Z,108,133.5,22.7,60,920
2020-0011,CH2020BST.txt,HAISHEN,2020-09-04T18:00:00Z,114,132.6,23.3,60,920
2020-0011,CH2020BST.txt,HAISHEN,2020-09-05T00:00:00Z,120,132.0,23.9,60,920
2020-0011,CH2020BST.txt,HAISHEN,2020-09-05T06:00:00Z,126,131.4,24.7,58,925
2020-0011,CH2020BST.txt,HAISHEN,2020-09-05T12:00:00Z,132,131.0,25.5,58,925
2020-0011,CH2020BST.txt,HAISHEN,2020-09-05T18:00:00Z,138,130.7,26.4,52,935
2020-0011,CH2020BST.txt,HAISHEN,2020-09-06T00:00:00Z,144,130.4,27.7,48,940
2020-0011,CH2020BST.txt,HAISHEN,2020-09-06T06:00:00Z,150,130.0,29.4,48,940
2020-0011,CH2020BST.txt,HAISHEN,2020-09-06T12:00:00Z,156,129.5,31.1,45,945
2020-0011,CH2020BST.txt,HAISHEN,2020-09-06T18:00:00Z,162,129.2,32.9,42,950
2020-0011,CH2020BST.txt,HAISHEN,2020-09-07T00:00:00Z,168,129.1,35.4,38,956
2020-0011,CH2020BST.txt,HAISHEN,2020-09-07T06:00:00Z,174,128.8,38.4,30,970
2020-0011,CH2020BST.txt,HAISHEN,2020-09-07T12:00:00Z,180,128.8,40.1,25,980
2020-0011,CH2020BST.txt,HAISHEN,2020-09-07T18:00:00Z,186,128.4,42.6,20,990
2020-0011,CH2020BST.txt,HAISHEN,2020-09-08T00:00:00Z,192,128.1,43.9,18,990
2020-0011,CH2020BST.txt,HAISHEN,2020-09-08T06:00:00Z,198,127.8,45.3,18,990
2020-0011,CH2020BST.txt,HAISHEN,2020-09-08T12:00:00Z,204,127.2,45.7,15,992
2020-0012,CH2020BST.txt,NOUL,2020-09-14T18:00:00Z,0,124.0,12.7,13,1005
2020-0012,CH2020BST.txt,NOUL,2020-09-15T00:00:00Z,6,122.5,12.5,13,1005
2020-0012,CH2020BST.txt,NOUL,2020-09-15T06:00:00Z,12,120.8,12.4,15,1002
2020-0012,CH2020BST.txt,NOUL,2020-09-15T12:00:00Z,18,119.6,12.4,15,1002
2020-0012,CH2020BST.txt,NOUL,2020-09-15T18:00:00Z,24,118.7,12.7,18,998
2020-0012,CH2020BST.txt,NOUL,2020-09-16T00:00:00Z,30,117.8,13.0,18,998
2020-0012,CH2020BST.txt,NOUL,2020-09-16T06:00:00Z,36,117.0,13.3,18,998
2020-0012,CH2020BST.txt,NOUL,2020-09-16T12:00:00Z,42,115.9,13.5,20,995
2020-0012,CH2020BST.txt,NOUL,2020-09-16T18:00:00Z,48,114.8,13.9,23,990
2020-0012,CH2020BST.txt,NOUL,2020-09-17T00:00:00Z,54,113.9,14.8,23,990
2020-0012,CH2020BST.txt,NOUL,2020-09-17T06:00:00Z,60,113.0,15.6,23,990
2020-0012,CH2020BST.txt,NOUL,2020-09-17T12:00:00Z,66,111.9,15.8,25,985
2020-0012,CH2020BST.txt,NOUL,2020-09-17T18:00:00Z,72,110.4,16.1,25,985
2020-0012,CH2020BST.txt,NOUL,2020-09-18T00:00:00Z,78,108.0,16.4,25,985
2020-0012,CH2020BST.txt,NOUL,2020-09-18T06:00:00Z,84,105.8,16.3,18,992
2020-0012,CH2020BST.txt,NOUL,2020-09-18T12:00:00Z,90,103.9,16.4,15,994
2020-0012,CH2020BST.txt,NOUL,2020-09-18T18:00:00Z,96,102.3,16.5,13,996
2020-0012,CH2020BST.txt,NOUL,2020-09-19T00:00:00Z,102,100.5,16.4,13,996
2020-0013,CH2020BST.txt,DOLPHIN,2020-09-20T00:00:00Z,0,134.2,23.5,13,1002
2020-0013,CH2020BST.txt,DOLPHIN,2020-09-20T06:00:00Z,6,134.2,23.9,13,1002
2020-0013,CH2020BST.txt,DOLPHIN,2020-09-20T12:00:00Z,12,134.5,24.1,15,1000
2020-0013,CH2020BST.txt,DOLPHIN,2020-09-20T18:00:00Z,18,134.8,24.4,15,1000
2020-0013,CH2020BST.txt,DOLPHIN,2020-09-21T00:00:00Z,24,134.9,24.9,18,998
2020-0013,CH2020BST.txt,DOLPHIN,2020-09-21T06:00:00Z,30,134.9,25.3,20,995
2020-0013,CH2020BST.txt,DOLPHIN,2020-09-21T12:00:00Z,36,134.9,25.7,20,995
2020-0013,CH2020BST.txt,DOLPHIN,2020-09-21T18:00:00Z,42,135.0,26.2,23,990
2020-0013,CH2020BST.txt,DOLPHIN,2020-09-22T00:00:00Z,48,135.2,26.9,25,985
2020-0013,CH2020BST.txt,DOLPHIN,2020-09-22T06:00:00Z,54,135.7,28.1,30,980
2020-0013,CH2020BST.txt,DOLPHIN,2020-09-22T12:00:00Z,60,136.3,29.3,30,980
2020-0013,CH2020BST.txt,DOLPHIN,2020-09-22T18:00:00Z,66,136.9,30.2,30,980
2020-0013,CH2020BST.txt,DOLPHIN,2020-09-23T00:00:00Z,72,137.6,31.2,30,980
2020-0013,CH2020BST.txt,DOLPHIN,2020-09-23T06:00:00Z,78,138.8,32.1,28,982
2020-0013,CH2020BST.txt,DOLPHIN,2020-09-23T12:00:00Z,84,140.7,32.7,25,985
2020-0013,CH2020BST.txt,DOLPHIN,2020-09-23T18:00:00Z,90,141.3,32.9,23,990
2020-0013,CH2020BST.txt,DOLPHIN,2020-09-24T00:00:00Z,96,141.8,32.9,20,995
2020-0013,CH2020BST.txt,DOLPHIN,2020-09-24T06:00:00Z,102,142.4,32.8,18,998
2020-0013,CH2020BST.txt,DOLPHIN,2020-09-24T12:00:00Z,108,142.7,33.2,18,998
2020-0013,CH2020BST.txt,DOLPHIN,2020-09-24T18:00:00Z,114,142.4,33.8,18,1000
2020-0013,CH2020BST.txt,DOLPHIN,2020-09-25T00:00:00Z,120,141.7,34.1,18,1000
2020-0013,CH2020BST.txt,DOLPHIN,2020-09-25T06:00:00Z,126,141.9,35.6,18,1000
2020-0013,CH2020BST.txt,DOLPHIN,2020-09-25T12:00:00Z,132,142.7,37.3,20,998
2020-0013,CH2020BST.txt,DOLPHIN,2020-09-25T18:00:00Z,138,143.7,38.9,20,998
2020-0013,CH2020BST.txt,DOLPHIN,2020-09-26T00:00:00Z,144,144.8,40.1,20,998
2020-0013,CH2020BST.txt,DOLPHIN,2020-09-26T06:00:00Z,150,145.8,40.8,20,998
2020-0013,CH2020BST.txt,DOLPHIN,2020-09-26T12:00:00Z,156,146.5,41.4,20,998
2020-0013,CH2020BST.txt,DOLPHIN,2020-09-26T18:00:00Z,162,147.3,41.9,20,998
2020-0013,CH2020BST.txt,DOLPHIN,2020-09-27T00:00:00Z,168,147.8,42.7,20,998
2020-0013,CH2020BST.txt,DOLPHIN,2020-09-27T06:00:00Z,174,147.9,43.5,20,998
2020-0013,CH2020BST.txt,DOLPHIN,2020-09-27T12:00:00Z,180,148.3,44.2,20,998
2020-0013,CH2020BST.txt,DOLPHIN,2020-09-27T18:00:00Z,186,149.7,45.9,20,998
2020-0013,CH2020BST.txt,DOLPHIN,2020-09-28T00:00:00Z,192,151.3,47.5,23,990
2020-0013,CH2020BST.txt,DOLPHIN,2020-09-28T06:00:00Z,198,152.6,48.7,23,990
2020-0013,CH2020BST.txt,DOLPHIN,2020-09-28T12:00:00Z,204,154.5,49.7,23,990
2020-0013,CH2020BST.txt,DOLPHIN,2020-09-28T18:00:00Z,210,158.0,50.5,18,995
2020-0013,CH2020BST.txt,DOLPHIN,2020-09-29T00:00:00Z,216,161.1,51.0,15,998
2020-0014,CH2020BST.txt,KUJIRA,2020-09-26T00:00:00Z,0,159.0,18.1,13,1002
2020-0014,CH2020BST.txt,KUJIRA,2020-09-26T06:00:00Z,6,159.4,18.6,13,1002
2020-0014,CH2020BST.txt,KUJIRA,2020-09-26T12:00:00Z,12,159.6,19.3,15,1000
2020-0014,CH2020BST.txt,KUJIRA,2020-09-26T18:00:00Z,18,159.6,19.9,15,1000
2020-0014,CH2020BST.txt,KUJIRA,2020-09-27T00:00:00Z,24,158.7,20.9,18,998
2020-0014,CH2020BST.txt,KUJIRA,2020-09-27T06:00:00Z,30,157.6,22.0,18,998
2020-0014,CH2020BST.txt,KUJIRA,2020-09-27T12:00:00Z,36,156.3,23.3,18,998
2020-0014,CH2020BST.txt,KUJIRA,2020-09-27T18:00:00Z,42,155.0,24.9,20,995
2020-0014,CH2020BST.txt,KUJIRA,2020-09-28T00:00:00Z,48,153.6,26.6,23,990
2020-0014,CH2020BST.txt,KUJIRA,2020-09-28T06:00:00Z,54,153.1,27.8,23,990
2020-0014,CH2020BST.txt,KUJIRA,2020-09-28T12:00:00Z,60,152.8,29.0,25,988
2020-0014,CH2020BST.txt,KUJIRA,2020-09-28T18:00:00Z,66,153.2,30.8,28,985
2020-0014,CH2020BST.txt,KUJIRA,2020-09-29T00:00:00Z,72,154.0,32.6,30,980
2020-0014,CH2020BST.txt,KUJIRA,2020-09-29T06:00:00Z,78,155.1,34.7,33,975
2020-0014,CH2020BST.txt,KUJIRA,2020-09-29T12:00:00Z,84,156.4,36.7,33,975
2020-0014,CH2020BST.txt,KUJIRA,2020-09-29T18:00:00Z,90,158.3,38.6,28,985
2020-0014,CH2020BST.txt,KUJIRA,2020-09-30T00:00:00Z,96,160.6,40.1,25,990
2020-0014,CH2020BST.txt,KUJIRA,2020-09-30T06:00:00Z,102,163.1,41.0,20,995
2020-0014,CH2020BST.txt,KUJIRA,2020-09-30T12:00:00Z,108,166.4,41.3,18,1000
2020-0014,CH2020BST.txt,KUJIRA,2020-09-30T18:00:00Z,114,169.5,41.2,18,1000
2020-0014,CH2020BST.txt,KUJIRA,2020-10-01T00:00:00Z,120,172.8,40.7,15,1002
2020-0014,CH2020BST.txt,KUJIRA,2020-10-01T06:00:00Z,126,175.8,39.9,15,1002
2020-0014,CH2020BST.txt,KUJIRA,2020-10-01T12:00:00Z,132,178.7,38.7,15,1002
2020-0014,CH2020BST.txt,KUJIRA,2020-10-01T18:00:00Z,138,181.4,37.4,13,1005
2020-0014,CH2020BST.txt,KUJIRA,2020-10-02T00:00:00Z,144,183.9,35.9,13,1005
2020-0015,CH2020BST.txt,CHAN-HOM,2020-10-03T18:00:00Z,0,140.3,21.6,13,1002
2020-0015,CH2020BST.txt,CHAN-HOM,2020-10-04T00:00:00Z,6,140.0,21.7,13,1002
2020-0015,CH2020BST.txt,CHAN-HOM,2020-10-04T06:00:00Z,12,139.8,21.8,15,1000
2020-0015,CH2020BST.txt,CHAN-HOM,2020-10-04T12:00:00Z,18,139.6,21.9,15,1000
2020-0015,CH2020BST.txt,CHAN-HOM,2020-10-04T18:00:00Z,24,139.4,22.0,15,1000
2020-0015,CH2020BST.txt,CHAN-HOM,2020-10-05T00:00:00Z,30,139.3,22.1,18,998
2020-0015,CH2020BST.txt,CHAN-HOM,2020-10-05T06:00:00Z,36,139.2,22.5,18,998
2020-0015,CH2020BST.txt,CHAN-HOM,2020-10-05T12:00:00Z,42,139.2,23.0,18,998
2020-0015,CH2020BST.txt,CHAN-HOM,2020-10-05T18:00:00Z,48,139.1,23.5,20,995
2020-0015,CH2020BST.txt,CHAN-HOM,2020-10-06T00:00:00Z,54,138.7,24.0,23,990
2020-0015,CH2020BST.txt,CHAN-HOM,2020-10-06T06:00:00Z,60,138.3,24.2,23,990
2020-0015,CH2020BST.txt,CHAN-HOM,2020-10-06T12:00:00Z,66,137.7,24.4,25,985
2020-0015,CH2020BST.txt,CHAN-HOM,2020-10-06T18:00:00Z,72,136.9,24.6,28,982
2020-0015,CH2020BST.txt,CHAN-HOM,2020-10-07T00:00:00Z,78,136.0,25.1,30,980
2020-0015,CH2020BST.txt,CHAN-HOM,2020-10-07T06:00:00Z,84,134.9,25.7,33,975
2020-0015,CH2020BST.txt,CHAN-HOM,2020-10-07T12:00:00Z,90,133.8,26.4,35,970
2020-0015,CH2020BST.txt,CHAN-HOM,2020-10-07T18:00:00Z,96,133.0,27.2,35,970
2020-0015,CH2020BST.txt,CHAN-HOM,2020-10-08T00:00:00Z,102,132.8,27.9,35,970
2020-0015,CH2020BST.txt,CHAN-HOM,2020-10-08T06:00:00Z,108,132.8,28.6,35,970
2020-0015,CH2020BST.txt,CHAN-HOM,2020-10-08T12:00:00Z,114,133.2,29.4,38,965
2020-0015,CH2020BST.txt,CHAN-HOM,2020-10-08T18:00:00Z,120,133.5,30.1,38,965
2020-0015,CH2020BST.txt,CHAN-HOM,2020-10-09T00:00:00Z,126,133.6,30.4,38,965
2020-0015,CH2020BST.txt,CHAN-HOM,2020-10-09T06:00:00Z,132,133.8,30.7,35,970
2020-0015,CH2020BST.txt,CHAN-HOM,2020-10-09T12:00:00Z,138,134.1,31.0,30,980
2020-0015,CH2020BST.txt,CHAN-HOM,2020-10-09T18:00:00Z,144,134.7,31.4,28,985
2020-0015,CH2020BST.txt,CHAN-HOM,2020-10-10T00:00:00Z,150,135.7,32.0,28,985
2020-0015,CH2020BST.txt,CHAN-HOM,2020-10-10T06:00:00Z,156,136.9,32.2,28,985
2020-0015,CH2020BST.txt,CHAN-HOM,2020-10-10T12:00:00Z,162,138.2,32.1,28,985
2020-0015,CH2020BST.txt,CHAN-HOM,2020-10-10T18:00:00Z,168,139.4,32.1,25,990
2020-0015,CH2020BST.txt,CHAN-HOM,2020-10-11T00:00:00Z,174,140.5,32.1,23,992
2020-0015,CH2020BST.txt,CHAN-HOM,2020-10-11T06:00:00Z,180,141.5,31.9,20,995
2020-0015,CH2020BST.txt,CHAN-HOM,2020-10-11T12:00:00Z,186,142.1,31.4,18,998
2020-0015,CH2020BST.txt,CHAN-HOM,2020-10-11T18:00:00Z,192,142.2,30.8,15,1000
2020-0015,CH2020BST.txt,CHAN-HOM,2020-10-12T00:00:00Z,198,142.1,30.2,13,1002
2020-0015,CH2020BST.txt,CHAN-HOM,2020-10-12T06:00:00Z,204,142.3,29.5,13,1002
2020-0015,CH2020BST.txt,CHAN-HOM,2020-10-12T12:00:00Z,210,142.7,29.0,13,1002
2020-0015,CH2020BST.txt,CHAN-HOM,2020-10-12T18:00:00Z,216,143.4,28.7,10,1005
2020-0015,CH2020BST.txt,CHAN-HOM,2020-10-13T00:00:00Z,222,143.9,28.6,10,1005
2020-0015,CH2020BST.txt,CHAN-HOM,2020-10-13T06:00:00Z,228,144.3,28.5,10,1005
2020-0015,CH2020BST.txt,CHAN-HOM,2020-10-13T12:00:00Z,234,144.5,28.5,10,1005
2020-0015,CH2020BST.txt,CHAN-HOM,2020-10-13T18:00:00Z,240,144.5,28.6,10,1005
2020-0015,CH2020BST.txt,CHAN-HOM,2020-10-14T00:00:00Z,246,144.4,28.7,10,1005
2020-0015,CH2020BST.txt,CHAN-HOM,2020-10-14T06:00:00Z,252,144.3,28.9,10,1005
2020-0015,CH2020BST.txt,CHAN-HOM,2020-10-14T12:00:00Z,258,144.2,29.1,10,1005
2020-0015,CH2020BST.txt,CHAN-HOM,2020-10-14T18:00:00Z,264,144.2,29.4,10,1005
2020-0015,CH2020BST.txt,CHAN-HOM,2020-10-15T00:00:00Z,270,144.1,29.6,10,1005
2020-0015,CH2020BST.txt,CHAN-HOM,2020-10-15T06:00:00Z,276,143.9,29.7,10,1005
2020-0015,CH2020BST.txt,CHAN-HOM,2020-10-15T12:00:00Z,282,144.1,30.1,10,1005
2020-0015,CH2020BST.txt,CHAN-HOM,2020-10-15T18:00:00Z,288,144.5,30.6,10,1008
2020-0015,CH2020BST.txt,CHAN-HOM,2020-10-16T00:00:00Z,294,145.7,31.3,10,1008
2020-0015,CH2020BST.txt,CHAN-HOM,2020-10-16T06:00:00Z,300,146.3,32.1,10,1008
2020-0015,CH2020BST.txt,CHAN-HOM,2020-10-16T12:00:00Z,306,147.4,33.2,10,1008
2020-0015,CH2020BST.txt,CHAN-HOM,2020-10-16T18:00:00Z,312,150.0,34.7,10,1008
2020-0015,CH2020BST.txt,CHAN-HOM,2020-10-17T00:00:00Z,318,153.2,36.0,10,1010
2020-0016,CH2020BST.txt,LINFA,2020-10-07T06:00:00Z,0,124.8,14.1,10,1005
2020-0016,CH2020BST.txt,LINFA,2020-10-07T12:00:00Z,6,124.2,13.8,10,1005
2020-0016,CH2020BST.txt,LINFA,2020-10-07T18:00:00Z,12,123.4,13.3,10,1005
2020-0016,CH2020BST.txt,LINFA,2020-10-08T00:00:00Z,18,122.2,12.8,10,1005
2020-0016,CH2020BST.txt,LINFA,2020-10-08T06:00:00Z,24,121.1,12.6,10,1005
2020-0016,CH2020BST.txt,LINFA,2020-10-08T12:00:00Z,30,119.9,12.3,10,1005
2020-0016,CH2020BST.txt,LINFA,2020-10-08T18:00:00Z,36,118.4,12.4,10,1005
2020-0016,CH2020BST.txt,LINFA,2020-10-09T00:00:00Z,42,117.0,12.8,10,1005
2020-0016,CH2020BST.txt,LINFA,2020-10-09T06:00:00Z,48,115.8,13.1,13,1004
2020-0016,CH2020BST.txt,LINFA,2020-10-09T12:00:00Z,54,115.3,13.2,13,1004
2020-0016,CH2020BST.txt,LINFA,2020-10-09T18:00:00Z,60,114.7,13.5,13,1004
2020-0016,CH2020BST.txt,LINFA,2020-10-10T00:00:00Z,66,114.1,13.8,15,1002
2020-0016,CH2020BST.txt,LINFA,2020-10-10T06:00:00Z,72,113.3,14.2,15,1002
2020-0016,CH2020BST.txt,LINFA,2020-10-10T12:00:00Z,78,112.2,14.5,15,1002
2020-0016,CH2020BST.txt,LINFA,2020-10-10T18:00:00Z,84,110.9,14.7,18,998
2020-0016,CH2020BST.txt,LINFA,2020-10-11T00:00:00Z,90,109.6,14.8,20,995
2020-0016,CH2020BST.txt,LINFA,2020-10-11T06:00:00Z,96,108.6,15.1,18,996
2020-0016,CH2020BST.txt,LINFA,2020-10-11T12:00:00Z,102,107.9,15.0,15,1002
2020-0016,CH2020BST.txt,LINFA,2020-10-11T18:00:00Z,108,107.3,14.7,15,1002
2020-0016,CH2020BST.txt,LINFA,2020-10-12T00:00:00Z,114,106.7,14.4,13,1004
2020-0017,CH2020BST.txt,NANGKA,2020-10-11T00:00:00Z,0,120.2,16.5,13,1004
2020-0017,CH2020BST.txt,NANGKA,2020-10-11T06:00:00Z,6,119.6,16.9,15,1000
2020-0017,CH2020BST.txt,NANGKA,2020-10-11T12:00:00Z,12,118.9,17.2,15,1000
2020-0017,CH2020BST.txt,NANGKA,2020-10-11T18:00:00Z,18,118.1,17.4,15,1000
2020-0017,CH2020BST.txt,NANGKA,2020-10-12T00:00:00Z,24,117.2,17.6,18,998
2020-0017,CH2020BST.txt,NANGKA,2020-10-12T06:00:00Z,30,115.8,17.8,18,998
2020-0017,CH2020BST.txt,NANGKA,2020-10-12T12:00:00Z,36,114.6,18.1,20,992
2020-0017,CH2020BST.txt,NANGKA,2020-10-12T15:00:00Z,39,114.2,18.2,23,990
2020-0017,CH2020BST.txt,NANGKA,2020-10-12T18:00:00Z,42,113.7,18.3,23,990
2020-0017,CH2020BST.txt,NANGKA,2020-10-12T21:00:00Z,45,113.1,18.4,23,990
2020-0017,CH2020BST.txt,NANGKA,2020-10-13T00:00:00Z,48,112.5,18.5,23,990
2020-0017,CH2020BST.txt,NANGKA,2020-10-13T03:00:00Z,51,111.9,18.6,25,988
2020-0017,CH2020BST.txt,NANGKA,2020-10-13T06:00:00Z,54,111.4,18.7,25,988
2020-0017,CH2020BST.txt,NANGKA,2020-10-13T09:00:00Z,57,111.0,18.9,25,988
2020-0017,CH2020BST.txt,NANGKA,2020-10-13T12:00:00Z,60,110.5,19.2,25,988
2020-0017,CH2020BST.txt,NANGKA,2020-10-13T15:00:00Z,63,109.6,19.6,23,990
2020-0017,CH2020BST.txt,NANGKA,2020-10-13T18:00:00Z,66,108.7,19.7,23,990
2020-0017,CH2020BST.txt,NANGKA,2020-10-14T00:00:00Z,72,107.6,19.8,23,990
2020-0017,CH2020BST.txt,NANGKA,2020-10-14T06:00:00Z,78,106.7,19.9,23,990
2020-0017,CH2020BST.txt,NANGKA,2020-10-14T12:00:00Z,84,105.7,19.9,15,1002
2020-0018,CH2020BST.txt,,2020-10-14T06:00:00Z,0,124.0,12.9,13,1004
2020-0018,CH2020BST.txt,,2020-10-14T12:00:00Z,6,122.6,13.5,13,1004
2020-0018,CH2020BST.txt,,2020-10-14T18:00:00Z,12,121.2,13.9,13,1004
2020-0018,CH2020BST.txt,,2020-10-15T00:00:00Z,18,120.1,14.3,13,1004
2020-0018,CH2020BST.txt,,2020-10-15T06:00:00Z,24,117.8,15.0,13,1002
2020-0018,CH2020BST.txt,,2020-10-15T12:00:00Z,30,115.5,15.3,13,1002
2020-0018,CH2020BST.txt,,2020-10-15T18:00:00Z,36,113.5,15.6,15,1000
2020-0018,CH2020BST.txt,,2020-10-16T00:00:00Z,42,112.1,15.7,15,1000
2020-0018,CH2020BST.txt,,2020-10-16T06:00:00Z,48,110.6,15.7,15,1000
2020-0018,CH2020BST.txt,,2020-10-16T12:00:00Z,54,109.1,15.5,13,1002
2020-0019,CH2020BST.txt,SAUDEL,2020-10-19T00:00:00Z,0,129.4,13.2,13,1004
2020-0019,CH2020BST.txt,SAUDEL,2020-10-19T06:00:00Z,6,128.1,13.9,15,1002
2020-0019,CH2020BST.txt,SAUDEL,2020-10-19T12:00:00Z,12,127.1,14.4,15,1002
2020-0019,CH2020BST.txt,SAUDEL,2020-10-19T18:00:00Z,18,125.9,15.0,15,1002
2020-0019,CH2020BST.txt,SAUDEL,2020-10-20T00:00:00Z,24,124.6,15.5,18,998
2020-0019,CH2020BST.txt,SAUDEL,2020-10-20T06:00:00Z,30,123.3,15.9,18,998
2020-0019,CH2020BST.txt,SAUDEL,2020-10-20T12:00:00Z,36,122.1,16.0,20,995
2020-0019,CH2020BST.txt,SAUDEL,2020-10-20T18:00:00Z,42,120.1,16.0,20,995
2020-0019,CH2020BST.txt,SAUDEL,2020-10-21T00:00:00Z,48,118.9,16.1,23,990
2020-0019,CH2020BST.txt,SAUDEL,2020-10-21T06:00:00Z,54,118.0,16.1,23,990
2020-0019,CH2020BST.txt,SAUDEL,2020-10-21T12:00:00Z,60,117.4,16.2,25,985
2020-0019,CH2020BST.txt,SAUDEL,2020-10-21T18:00:00Z,66,116.9,16.5,28,982
2020-0019,CH2020BST.txt,SAUDEL,2020-10-22T00:00:00Z,72,116.5,16.8,33,975
2020-0019,CH2020BST.txt,SAUDEL,2020-10-22T06:00:00Z,78,116.2,17.1,33,975
2020-0019,CH2020BST.txt,SAUDEL,2020-10-22T12:00:00Z,84,115.9,17.4,35,970
2020-0019,CH2020BST.txt,SAUDEL,2020-10-22T18:00:00Z,90,115.5,17.7,38,965
2020-0019,CH2020BST.txt,SAUDEL,2020-10-23T00:00:00Z,96,115.1,17.8,38,965
2020-0019,CH2020BST.txt,SAUDEL,2020-10-23T06:00:00Z,102,114.7,17.9,38,965
2020-0019,CH2020BST.txt,SAUDEL,2020-10-23T12:00:00Z,108,114.2,17.9,38,965
2020-0019,CH2020BST.txt,SAUDEL,2020-10-23T18:00:00Z,114,113.8,17.9,33,975
2020-0019,CH2020BST.txt,SAUDEL,2020-10-24T00:00:00Z,120,113.3,17.9,30,980
2020-0019,CH2020BST.txt,SAUDEL,2020-10-24T06:00:00Z,126,112.6,17.7,28,985
2020-0019,CH2020BST.txt,SAUDEL,2020-10-24T12:00:00Z,132,111.6,17.5,25,990
2020-0019,CH2020BST.txt,SAUDEL,2020-10-24T18:00:00Z,138,110.5,17.5,25,990
2020-0019,CH2020BST.txt,SAUDEL,2020-10-25T00:00:00Z,144,109.3,17.5,23,992
2020-0019,CH2020BST.txt,SAUDEL,2020-10-25T06:00:00Z,150,108.3,17.5,20,998
2020-0019,CH2020BST.txt,SAUDEL,2020-10-25T12:00:00Z,156,107.5,17.6,15,1004
2020-0019,CH2020BST.txt,SAUDEL,2020-10-25T18:00:00Z,162,106.7,17.7,15,1006
2020-0019,CH2020BST.txt,SAUDEL,2020-10-26T00:00:00Z,168,105.7,17.7,13,1008
2020-0019,CH2020BST.txt,SAUDEL,2020-10-26T06:00:00Z,174,104.6,17.5,13,1008
2020-0020,CH2020BST.txt,,2020-10-20T00:00:00Z,0,139.1,25.0,13,1010
2020-0020,CH2020BST.txt,,2020-10-20T06:00:00Z,6,139.3,25.0,13,1010
2020-0020,CH2020BST.txt,,2020-10-20T12:00:00Z,12,139.5,25.0,15,1008
2020-0020,CH2020BST.txt,,2020-10-20T18:00:00Z,18,139.7,25.0,15,1008
2020-0020,CH2020BST.txt,,2020-10-21T00:00:00Z,24,139.9,24.9,15,1008
2020-0020,CH2020BST.txt,,2020-10-21T06:00:00Z,30,139.6,24.5,15,1008
2020-0020,CH2020BST.txt,,2020-10-21T12:00:00Z,36,139.3,24.3,13,1008
2020-0020,CH2020BST.txt,,2020-10-21T18:00:00Z,42,139.2,24.6,13,1008
2020-0020,CH2020BST.txt,,2020-10-22T00:00:00Z,48,139.5,25.1,13,1008
2020-0020,CH2020BST.txt,,2020-10-22T06:00:00Z,54,139.0,26.0,13,1008
2020-0020,CH2020BST.txt,,2020-10-22T12:00:00Z,60,139.4,27.3,13,1008
2020-0020,CH2020BST.txt,,2020-10-22T18:00:00Z,66,140.0,28.6,13,1008
2020-0020,CH2020BST.txt,,2020-10-23T00:00:00Z,72,140.8,31.0,13,1008
2020-0021,CH2020BST.txt,MOLAVE,2020-10-23T00:00:00Z,0,134.4,9.2,13,1002
2020-0021,CH2020BST.txt,MOLAVE,2020-10-23T06:00:00Z,6,133.8,9.8,13,1002
2020-0021,CH2020BST.txt,MOLAVE,2020-10-23T12:00:00Z,12,133.3,10.6,13,1002
2020-0021,CH2020BST.txt,MOLAVE,2020-10-23T18:00:00Z,18,132.4,11.6,15,1000
2020-0021,CH2020BST.txt,MOLAVE,2020-10-24T00:00:00Z,24,131.2,12.5,15,1000
2020-0021,CH2020BST.txt,MOLAVE,2020-10-24T06:00:00Z,30,130.1,13.1,15,1000
2020-0021,CH2020BST.txt,MOLAVE,2020-10-24T12:00:00Z,36,129.0,13.4,18,998
2020-0021,CH2020BST.txt,MOLAVE,2020-10-24T18:00:00Z,42,127.7,13.5,18,998
2020-0021,CH2020BST.txt,MOLAVE,2020-10-25T00:00:00Z,48,126.3,13.5,23,990
2020-0021,CH2020BST.txt,MOLAVE,2020-10-25T06:00:00Z,54,124.8,13.4,28,985
2020-0021,CH2020BST.txt,MOLAVE,2020-10-25T12:00:00Z,60,123.2,13.3,33,975
2020-0021,CH2020BST.txt,MOLAVE,2020-10-25T18:00:00Z,66,121.8,13.2,38,970
2020-0021,CH2020BST.txt,MOLAVE,2020-10-26T00:00:00Z,72,120.5,13.2,38,970
2020-0021,CH2020BST.txt,MOLAVE,2020-10-26T06:00:00Z,78,119.0,13.3,38,970
2020-0021,CH2020BST.txt,MOLAVE,2020-10-26T12:00:00Z,84,117.5,13.4,40,965
2020-0021,CH2020BST.txt,MOLAVE,2020-10-26T18:00:00Z,90,116.0,13.4,42,960
2020-0021,CH2020BST.txt,MOLAVE,2020-10-27T00:00:00Z,96,114.7,13.3,45,955
2020-0021,CH2020BST.txt,MOLAVE,2020-10-27T06:00:00Z,102,113.3,13.5,48,950
2020-0021,CH2020BST.txt,MOLAVE,2020-10-27T12:00:00Z,108,112.0,13.9,48,950
2020-0021,CH2020BST.txt,MOLAVE,2020-10-27T18:00:00Z,114,110.8,14.2,45,955
2020-0021,CH2020BST.txt,MOLAVE,2020-10-28T00:00:00Z,120,109.7,14.6,40,965
2020-0021,CH2020BST.txt,MOLAVE,2020-10-28T06:00:00Z,126,108.5,15.3,33,974
2020-0021,CH2020BST.txt,MOLAVE,2020-10-28T12:00:00Z,132,106.2,15.7,23,990
2020-0021,CH2020BST.txt,MOLAVE,2020-10-28T18:00:00Z,138,105.5,15.7,18,998
2020-0021,CH2020BST.txt,MOLAVE,2020-10-29T00:00:00Z,144,104.8,15.6,15,1000
2020-0021,CH2020BST.txt,MOLAVE,2020-10-29T06:00:00Z,150,104.1,15.4,13,1002
2020-0022,CH2020BST.txt,GONI,2020-10-26T12:00:00Z,0,141.9,13.4,13,1002
2020-0022,CH2020BST.txt,GONI,2020-10-26T18:00:00Z,6,141.8,14.4,13,1002
2020-0022,CH2020BST.txt,GONI,2020-10-27T00:00:00Z,12,141.7,15.4,13,1002
2020-0022,CH2020BST.txt,GONI,2020-10-27T06:00:00Z,18,141.6,15.9,15,1000
2020-0022,CH2020BST.txt,GONI,2020-10-27T12:00:00Z,24,141.2,16.3,15,1000
2020-0022,CH2020BST.txt,GONI,2020-10-27T18:00:00Z,30,140.7,16.6,15,1000
2020-0022,CH2020BST.txt,GONI,2020-10-28T00:00:00Z,36,140.1,16.6,15,1000
2020-0022,CH2020BST.txt,GONI,2020-10-28T06:00:00Z,42,139.4,16.6,15,1000
2020-0022,CH2020BST.txt,GONI,2020-10-28T12:00:00Z,48,138.6,16.6,18,998
2020-0022,CH2020BST.txt,GONI,2020-10-28T18:00:00Z,54,137.8,16.7,23,990
2020-0022,CH2020BST.txt,GONI,2020-10-29T00:00:00Z,60,136.9,16.7,25,985
2020-0022,CH2020BST.txt,GONI,2020-10-29T06:00:00Z,66,135.9,16.7,28,982
2020-0022,CH2020BST.txt,GONI,2020-10-29T12:00:00Z,72,134.6,16.6,38,965
2020-0022,CH2020BST.txt,GONI,2020-10-29T18:00:00Z,78,133.5,16.4,48,945
2020-0022,CH2020BST.txt,GONI,2020-10-30T00:00:00Z,84,132.7,16.3,52,935
2020-0022,CH2020BST.txt,GONI,2020-10-30T06:00:00Z,90,131.7,16.3,62,915
2020-0022,CH2020BST.txt,GONI,2020-10-30T12:00:00Z,96,130.9,16.1,68,905
2020-0022,CH2020BST.txt,GONI,2020-10-30T18:00:00Z,102,129.9,15.8,68,905
2020-0022,CH2020BST.txt,GONI,2020-10-31T00:00:00Z,108,128.9,15.3,68,905
2020-0022,CH2020BST.txt,GONI,2020-10-31T06:00:00Z,114,127.7,14.7,68,905
2020-0022,CH2020BST.txt,GONI,2020-10-31T12:00:00Z,120,126.5,14.2,68,905
2020-0022,CH2020BST.txt,GONI,2020-10-31T18:00:00Z,126,125.0,13.7,70,900
2020-0022,CH2020BST.txt,GONI,2020-11-01T00:00:00Z,132,123.6,13.6,58,925
2020-0022,CH2020BST.txt,GONI,2020-11-01T06:00:00Z,138,122.4,13.7,42,955
2020-0022,CH2020BST.txt,GONI,2020-11-01T12:00:00Z,144,121.4,14.3,33,975
2020-0022,CH2020BST.txt,GONI,2020-11-01T18:00:00Z,150,120.4,14.5,28,985
2020-0022,CH2020BST.txt,GONI,2020-11-02T00:00:00Z,156,119.1,14.6,20,995
2020-0022,CH2020BST.txt,GONI,2020-11-02T06:00:00Z,162,117.9,15.0,18,998
2020-0022,CH2020BST.txt,GONI,2020-11-02T12:00:00Z,168,116.8,15.2,18,998
2020-0022,CH2020BST.txt,GONI,2020-11-02T18:00:00Z,174,116.0,15.1,18,998
2020-0022,CH2020BST.txt,GONI,2020-11-03T00:00:00Z,180,115.5,14.9,18,998
2020-0022,CH2020BST.txt,GONI,2020-11-03T06:00:00Z,186,115.1,14.7,18,998
2020-0022,CH2020BST.txt,GONI,2020-11-03T12:00:00Z,192,114.6,14.7,18,998
2020-0022,CH2020BST.txt,GONI,2020-11-03T18:00:00Z,198,114.0,14.5,18,998
2020-0022,CH2020BST.txt,GONI,2020-11-04T00:00:00Z,204,113.4,14.4,18,998
2020-0022,CH2020BST.txt,GONI,2020-11-04T06:00:00Z,210,113.1,14.3,20,995
2020-0022,CH2020BST.txt,GONI,2020-11-04T12:00:00Z,216,112.7,14.3,20,995
2020-0022,CH2020BST.txt,GONI,2020-11-04T18:00:00Z,222,112.3,14.2,20,995
2020-0022,CH2020BST.txt,GONI,2020-11-05T00:00:00Z,228,111.8,14.1,20,995
2020-0022,CH2020BST.txt,GONI,2020-11-05T06:00:00Z,234,111.3,13.9,18,998
2020-0022,CH2020BST.txt,GONI,2020-11-05T12:00:00Z,240,110.9,13.8,15,1000
2020-0022,CH2020BST.txt,GONI,2020-11-05T18:00:00Z,246,110.2,13.9,15,1000
2020-0022,CH2020BST.txt,GONI,2020-11-06T00:00:00Z,252,109.2,14.2,15,1002
2020-0022,CH2020BST.txt,GONI,2020-11-06T06:00:00Z,258,107.8,14.6,13,1008
2020-0023,CH2020BST.txt,ATSANI,2020-10-29T00:00:00Z,0,149.3,5.3,13,1004
2020-0023,CH2020BST.txt,ATSANI,2020-10-29T06:00:00Z,6,148.8,6.5,13,1004
2020-0023,CH2020BST.txt,ATSANI,2020-10-29T12:00:00Z,12,148.5,8.0,15,1002
2020-0023,CH2020BST.txt,ATSANI,2020-10-29T18:00:00Z,18,147.5,9.3,15,1002
2020-0023,CH2020BST.txt,ATSANI,2020-10-30T00:00:00Z,24,145.6,10.3,15,1002
2020-0023,CH2020BST.txt,ATSANI,2020-10-30T06:00:00Z,30,143.4,11.1,15,1002
2020-0023,CH2020BST.txt,ATSANI,2020-10-30T12:00:00Z,36,141.7,11.6,15,1002
2020-0023,CH2020BST.txt,ATSANI,2020-10-30T18:00:00Z,42,140.5,12.2,15,1002
2020-0023,CH2020BST.txt,ATSANI,2020-10-31T00:00:00Z,48,139.5,13.1,15,1002
2020-0023,CH2020BST.txt,ATSANI,2020-10-31T06:00:00Z,54,138.5,13.9,15,1002
2020-0023,CH2020BST.txt,ATSANI,2020-10-31T12:00:00Z,60,137.5,14.5,15,1002
2020-0023,CH2020BST.txt,ATSANI,2020-10-31T18:00:00Z,66,136.1,15.0,18,998
2020-0023,CH2020BST.txt,ATSANI,2020-11-01T00:00:00Z,72,134.5,15.6,18,998
2020-0023,CH2020BST.txt,ATSANI,2020-11-01T06:00:00Z,78,133.0,16.2,18,998
2020-0023,CH2020BST.txt,ATSANI,2020-11-01T12:00:00Z,84,131.7,16.8,18,998
2020-0023,CH2020BST.txt,ATSANI,2020-11-01T18:00:00Z,90,129.9,17.5,18,998
2020-0023,CH2020BST.txt,ATSANI,2020-11-02T00:00:00Z,96,129.0,18.3,18,998
2020-0023,CH2020BST.txt,ATSANI,2020-11-02T06:00:00Z,102,128.1,19.1,18,998
2020-0023,CH2020BST.txt,ATSANI,2020-11-02T12:00:00Z,108,127.6,19.5,18,998
2020-0023,CH2020BST.txt,ATSANI,2020-11-02T18:00:00Z,114,127.1,19.9,20,995
2020-0023,CH2020BST.txt,ATSANI,2020-11-03T00:00:00Z,120,127.6,19.9,20,995
2020-0023,CH2020BST.txt,ATSANI,2020-11-03T06:00:00Z,126,128.1,19.8,20,995
2020-0023,CH2020BST.txt,ATSANI,2020-11-03T12:00:00Z,132,128.5,19.7,20,995
2020-0023,CH2020BST.txt,ATSANI,2020-11-03T18:00:00Z,138,128.9,19.7,20,995
2020-0023,CH2020BST.txt,ATSANI,2020-11-04T00:00:00Z,144,129.2,19.9,23,992
2020-0023,CH2020BST.txt,ATSANI,2020-11-04T06:00:00Z,150,129.1,20.3,23,992
2020-0023,CH2020BST.txt,ATSANI,2020-11-04T12:00:00Z,156,128.7,20.3,25,988
2020-0023,CH2020BST.txt,ATSANI,2020-11-04T18:00:00Z,162,128.0,20.0,28,985
2020-0023,CH2020BST.txt,ATSANI,2020-11-05T00:00:00Z,168,126.7,20.1,28,985
2020-0023,CH2020BST.txt,ATSANI,2020-11-05T06:00:00Z,174,125.4,20.4,28,985
2020-0023,CH2020BST.txt,ATSANI,2020-11-05T12:00:00Z,180,124.2,20.7,28,985
2020-0023,CH2020BST.txt,ATSANI,2020-11-05T18:00:00Z,186,122.9,20.7,28,985
2020-0023,CH2020BST.txt,ATSANI,2020-11-06T00:00:00Z,192,121.9,21.0,28,985
2020-0023,CH2020BST.txt,ATSANI,2020-11-06T06:00:00Z,198,121.0,21.4,28,985
2020-0023,CH2020BST.txt,ATSANI,2020-11-06T12:00:00Z,204,120.3,21.8,28,985
2020-0023,CH2020BST.txt,ATSANI,2020-11-06T18:00:00Z,210,119.8,22.2,28,985
2020-0023,CH2020BST.txt,ATSANI,2020-11-07T00:00:00Z,216,119.4,22.6,25,988
2020-0023,CH2020BST.txt,ATSANI,2020-11-07T06:00:00Z,222,119.1,22.7,20,998
2020-0023,CH2020BST.txt,ATSANI,2020-11-07T12:00:00Z,228,118.8,22.6,15,1002
2020-0024,CH2020BST.txt,ETAU,2020-11-07T00:00:00Z,0,129.1,10.8,13,1006
2020-0024,CH2020BST.txt,ETAU,2020-11-07T06:00:00Z,6,127.0,11.8,13,1006
2020-0024,CH2020BST.txt,ETAU,2020-11-07T12:00:00Z,12,124.4,12.6,13,1004
2020-0024,CH2020BST.txt,ETAU,2020-11-07T18:00:00Z,18,122.9,12.8,13,1004
2020-0024,CH2020BST.txt,ETAU,2020-11-08T00:00:00Z,24,121.5,12.2,13,1004
2020-0024,CH2020BST.txt,ETAU,2020-11-08T06:00:00Z,30,120.1,11.8,13,1004
2020-0024,CH2020BST.txt,ETAU,2020-11-08T12:00:00Z,36,117.8,12.5,15,1000
2020-0024,CH2020BST.txt,ETAU,2020-11-08T18:00:00Z,42,115.4,12.9,18,998
2020-0024,CH2020BST.txt,ETAU,2020-11-09T00:00:00Z,48,113.4,12.9,20,995
2020-0024,CH2020BST.txt,ETAU,2020-11-09T06:00:00Z,54,111.9,12.8,23,990
2020-0024,CH2020BST.txt,ETAU,2020-11-09T12:00:00Z,60,111.1,12.5,23,990
2020-0024,CH2020BST.txt,ETAU,2020-11-09T18:00:00Z,66,110.5,12.3,25,985
2020-0024,CH2020BST.txt,ETAU,2020-11-10T00:00:00Z,72,109.9,12.3,23,990
2020-0024,CH2020BST.txt,ETAU,2020-11-10T06:00:00Z,78,109.2,12.6,18,998
2020-0024,CH2020BST.txt,ETAU,2020-11-10T12:00:00Z,84,107.4,12.6,15,1000
2020-0024,CH2020BST.txt,ETAU,2020-11-10T18:00:00Z,90,106.5,12.6,13,1002
2020-0024,CH2020BST.txt,ETAU,2020-11-11T00:00:00Z,96,105.6,12.8,10,1005
2020-0024,CH2020BST.txt,ETAU,2020-11-11T06:00:00Z,102,104.5,12.9,10,1005
2020-0025,CH2020BST.txt,VAMCO,2020-11-08T00:00:00Z,0,134.6,7.8,13,1002
2020-0025,CH2020BST.txt,VAMCO,2020-11-08T06:00:00Z,6,134.0,8.8,13,1002
2020-0025,CH2020BST.txt,VAMCO,2020-11-08T12:00:00Z,12,133.4,9.8,15,1000
2020-0025,CH2020BST.txt,VAMCO,2020-11-08T18:00:00Z,18,132.5,10.9,15,1000
2020-0025,CH2020BST.txt,VAMCO,2020-11-09T00:00:00Z,24,131.7,11.5,15,1000
2020-0025,CH2020BST.txt,VAMCO,2020-11-09T06:00:00Z,30,131.0,11.9,18,998
2020-0025,CH2020BST.txt,VAMCO,2020-11-09T12:00:00Z,36,130.2,12.3,18,998
2020-0025,CH2020BST.txt,VAMCO,2020-11-09T18:00:00Z,42,129.5,12.8,18,998
2020-0025,CH2020BST.txt,VAMCO,2020-11-10T00:00:00Z,48,128.7,13.3,20,995
2020-0025,CH2020BST.txt,VAMCO,2020-11-10T06:00:00Z,54,128.0,13.8,23,990
2020-0025,CH2020BST.txt,VAMCO,2020-11-10T12:00:00Z,60,126.8,14.4,25,985
2020-0025,CH2020BST.txt,VAMCO,2020-11-10T18:00:00Z,66,125.8,14.7,28,982
2020-0025,CH2020BST.txt,VAMCO,2020-11-11T00:00:00Z,72,124.7,14.7,33,975
2020-0025,CH2020BST.txt,VAMCO,2020-11-11T06:00:00Z,78,123.5,14.5,40,960
2020-0025,CH2020BST.txt,VAMCO,2020-11-11T12:00:00Z,84,122.6,14.8,42,955
2020-0025,CH2020BST.txt,VAMCO,2020-11-11T18:00:00Z,90,121.4,15.2,42,955
2020-0025,CH2020BST.txt,VAMCO,2020-11-12T00:00:00Z,96,120.1,15.4,35,970
2020-0025,CH2020BST.txt,VAMCO,2020-11-12T06:00:00Z,102,118.5,15.4,33,975
2020-0025,CH2020BST.txt,VAMCO,2020-11-12T12:00:00Z,108,117.4,15.3,33,975
2020-0025,CH2020BST.txt,VAMCO,2020-11-12T18:00:00Z,114,116.3,15.2,33,975
2020-0025,CH2020BST.txt,VAMCO,2020-11-13T00:00:00Z,120,115.3,15.4,33,975
2020-0025,CH2020BST.txt,VAMCO,2020-11-13T06:00:00Z,126,114.3,15.5,35,970
2020-0025,CH2020BST.txt,VAMCO,2020-11-13T12:00:00Z,132,113.4,15.5,42,955
2020-0025,CH2020BST.txt,VAMCO,2020-11-13T18:00:00Z,138,112.4,15.6,48,945
2020-0025,CH2020BST.txt,VAMCO,2020-11-14T00:00:00Z,144,111.3,15.7,48,945
2020-0025,CH2020BST.txt,VAMCO,2020-11-14T06:00:00Z,150,110.3,16.0,48,945
2020-0025,CH2020BST.txt,VAMCO,2020-11-14T12:00:00Z,156,109.4,16.3,42,955
2020-0025,CH2020BST.txt,VAMCO,2020-11-14T18:00:00Z,162,108.5,16.7,35,970
2020-0025,CH2020BST.txt,VAMCO,2020-11-15T00:00:00Z,168,107.5,17.2,28,985
2020-0025,CH2020BST.txt,VAMCO,2020-11-15T06:00:00Z,174,106.5,17.8,23,990
2020-0025,CH2020BST.txt,VAMCO,2020-11-15T12:00:00Z,180,105.5,18.4,18,998
2020-0025,CH2020BST.txt,VAMCO,2020-11-15T18:00:00Z,186,104.7,18.7,15,1000
2020-0025,CH2020BST.txt,VAMCO,2020-11-16T00:00:00Z,192,103.6,19.7,13,1002
2020-0026,CH2020BST.txt,KROVANH,2020-12-18T00:00:00Z,0,127.8,7.6,13,1004
2020-0026,CH2020BST.txt,KROVANH,2020-12-18T06:00:00Z,6,126.1,8.3,13,1004
2020-0026,CH2020BST.txt,KROVANH,2020-12-18T12:00:00Z,12,124.6,9.0,13,1004
2020-0026,CH2020BST.txt,KROVANH,2020-12-18T18:00:00Z,18,122.7,9.1,13,1004
2020-0026,CH2020BST.txt,KROVANH,2020-12-19T00:00:00Z,24,121.3,9.3,13,1004
2020-0026,CH2020BST.txt,KROVANH,2020-12-19T06:00:00Z,30,120.0,9.5,13,1004
2020-0026,CH2020BST.txt,KROVANH,2020-12-19T12:00:00Z,36,118.6,10.0,13,1004
2020-0026,CH2020BST.txt,KROVANH,2020-12-19T18:00:00Z,42,117.0,10.1,13,1004
2020-0026,CH2020BST.txt,KROVANH,2020-12-20T00:00:00Z,48,115.4,10.0,15,1002
2020-0026,CH2020BST.txt,KROVANH,2020-12-20T06:00:00Z,54,114.9,9.8,15,1002
2020-0026,CH2020BST.txt,KROVANH,2020-12-20T12:00:00Z,60,114.5,9.6,18,1000
2020-0026,CH2020BST.txt,KROVANH,2020-12-20T18:00:00Z,66,114.0,9.4,18,1000
2020-0026,CH2020BST.txt,KROVANH,2020-12-21T00:00:00Z,72,113.4,9.2,18,1000
2020-0026,CH2020BST.txt,KROVANH,2020-12-21T06:00:00Z,78,112.9,9.0,15,1002
2020-0026,CH2020BST.txt,KROVANH,2020-12-21T12:00:00Z,84,112.3,8.8,15,1002
2020-0026,CH2020BST.txt,KROVANH,2020-12-21T18:00:00Z,90,111.8,8.5,15,1002
2020-0026,CH2020BST.txt,KROVANH,2020-12-22T00:00:00Z,96,111.2,8.2,15,1002
2020-0026,CH2020BST.txt,KROVANH,2020-12-22T06:00:00Z,102,110.6,8.0,13,1004
2020-0026,CH2020BST.txt,KROVANH,2020-12-22T12:00:00Z,108,109.9,7.9,13,1004
2020-0026,CH2020BST.txt,KROVANH,2020-12-22T18:00:00Z,114,109.2,8.0,13,1004
2020-0026,CH2020BST.txt,KROVANH,2020-12-23T00:00:00Z,120,108.2,8.0,13,1004
2020-0026,CH2020BST.txt,KROVANH,2020-12-23T06:00:00Z,126,107.3,8.0,13,1004
2020-0026,CH2020BST.txt,KROVANH,2020-12-23T12:00:00Z,132,106.3,8.0,13,1004
2020-0026,CH2020BST.txt,KROVANH,2020-12-23T18:00:00Z,138,105.0,8.1,13,1006
2020-0026,CH2020BST.txt,KROVANH,2020-12-24T00:00:00Z,144,103.8,8.2,13,1006
2020-0026,CH2020BST.txt,KROVANH,2020-12-24T06:00:00Z,150,102.6,8.2,13,1006
2020-0026,CH2020BST.txt,KROVANH,2020-12-24T12:00:00Z,156,101.4,8.2,13,1006
2020-0026,CH2020BST.txt,KROVANH,2020-12-24T18:00:00Z,162,100.5,8.4,13,1006
2020-0026,CH2020BST.txt,KROVANH,2020-12-25T00:00:00Z,168,99.6,8.9,13,1006
2020-0026,CH2020BST.txt,KROVANH,2020-12-25T06:00:00Z,174,99.0,9.9,13,1008
