storm_id,timestamp,t_hours,lng,lat,wind_speed,pressure
2025_0001,2025-06-10T12:00:00Z,0,114.3,15.4,15,998
2025_0001,2025-06-10T18:00:00Z,6,114.2,15.7,15,998
2025_0001,2025-06-11T00:00:00Z,12,113.9,16.2,15,998
2025_0001,2025-06-11T06:00:00Z,18,112.4,16.7,15,998
2025_0001,2025-06-11T12:00:00Z,24,111.4,16.4,18,995
2025_0001,2025-06-11T18:00:00Z,30,110.9,16.6,20,990
2025_0001,2025-06-12T00:00:00Z,36,110.3,17.0,20,990
2025_0001,2025-06-12T06:00:00Z,42,109.9,17.2,20,990
2025_0001,2025-06-12T12:00:00Z,48,109.6,17.3,25,985
2025_0001,2025-06-12T15:00:00Z,51,109.3,17.5,25,985
2025_0001,2025-06-12T18:00:00Z,54,109.1,17.8,28,982
2025_0001,2025-06-12T21:00:00Z,57,108.8,18.1,28,982
2025_0001,2025-06-13T00:00:00Z,60,108.6,18.3,28,982
2025_0001,2025-06-13T03:00:00Z,63,108.5,18.4,30,980
2025_0001,2025-06-13T06:00:00Z,66,108.3,18.6,30,980
2025_0001,2025-06-13T09:00:00Z,69,108.3,18.7,33,975
2025_0001,2025-06-13T12:00:00Z,72,108.4,18.8,33,975
2025_0001,2025-06-13T15:00:00Z,75,108.7,19.1,30,980
2025_0001,2025-06-13T18:00:00Z,78,108.8,19.7,30,980
2025_0001,2025-06-13T21:00:00Z,81,108.9,20.0,30,980
2025_0001,2025-06-14T00:00:00Z,84,109.1,20.3,33,975
2025_0001,2025-06-14T03:00:00Z,87,109.5,20.7,33,975
2025_0001,2025-06-14T06:00:00Z,90,109.9,21.3,28,985
2025_0001,2025-06-14T09:00:00Z,93,110.2,21.7,23,988
2025_0001,2025-06-14T12:00:00Z,96,110.5,22.1,20,990
2025_0001,2025-06-14T15:00:00Z,99,110.7,22.5,18,992
2025_0001,2025-06-14T18:00:00Z,102,111.4,23.1,15,995
2025_0001,2025-06-14T21:00:00Z,105,111.8,23.9,15,995
2025_0001,2025-06-15T00:00:00Z,108,112.4,24.4,15,995
2025_0001,2025-06-15T03:00:00Z,111,113.1,25.0,15,995
2025_0001,2025-06-15T06:00:00Z,114,114.1,25.5,15,995
2025_0001,2025-06-15T09:00:00Z,117,115.2,26.1,15,995
2025_0001,2025-06-15T12:00:00Z,120,116.8,26.7,13,998
2025_0001,2025-06-15T15:00:00Z,123,118.5,27.3,10,1000
2025_0001,2025-06-15T18:00:00Z,126,120.4,28.2,10,1000
2025_0002,2025-06-21T06:00:00Z,0,147.3,21.0,13,1005
2025_0002,2025-06-21T12:00:00Z,6,146.8,21.5,13,1005
2025_0002,2025-06-21T18:00:00Z,12,146.4,21.8,13,1005
2025_0002,2025-06-22T00:00:00Z,18,146.2,22.5,13,1005
2025_0002,2025-06-22T06:00:00Z,24,146.4,22.8,13,1005
2025_0002,2025-06-22T12:00:00Z,30,146.0,23.2,15,1002
2025_0002,2025-06-22T18:00:00Z,36,145.3,23.9,15,1002
2025_0002,2025-06-23T00:00:00Z,42,144.7,24.6,18,1000
2025_0002,2025-06-23T06:00:00Z,48,144.0,25.8,18,1000
2025_0002,2025-06-23T12:00:00Z,54,143.0,27.0,18,1000
2025_0002,2025-06-23T18:00:00Z,60,141.9,28.4,18,1000
2025_0002,2025-06-24T00:00:00Z,66,141.0,29.3,18,1000
2025_0002,2025-06-24T06:00:00Z,72,140.4,30.0,18,1000
2025_0002,2025-06-24T12:00:00Z,78,140.1,30.5,15,1002
2025_0002,2025-06-24T18:00:00Z,84,139.8,31.3,15,1002
2025_0002,2025-06-25T00:00:00Z,90,139.5,32.0,15,1002
2025_0002,2025-06-25T06:00:00Z,96,139.6,32.8,13,1005
2025_0002,2025-06-25T12:00:00Z,102,139.7,33.5,13,1005
2025_0002,2025-06-25T18:00:00Z,108,140.3,34.5,13,1005
2025_0002,2025-06-26T00:00:00Z,114,141.4,35.8,13,1005
2025_0002,2025-06-26T06:00:00Z,120,143.6,37.1,13,1005
2025_0002,2025-06-26T12:00:00Z,126,145.3,38.5,13,1005
2025_0003,2025-06-24T00:00:00Z,0,116.8,16.0,13,1002
2025_0003,2025-06-24T06:00:00Z,6,116.4,15.9,13,1002
2025_0003,2025-06-24T12:00:00Z,12,116.0,15.9,13,1002
2025_0003,2025-06-24T18:00:00Z,18,115.0,16.2,13,1002
2025_0003,2025-06-24T21:00:00Z,21,114.3,16.7,13,1002
2025_0003,2025-06-25T00:00:00Z,24,113.7,17.3,13,1002
2025_0003,2025-06-25T03:00:00Z,27,113.4,17.6,13,1002
2025_0003,2025-06-25T06:00:00Z,30,113.1,17.8,13,1002
2025_0003,2025-06-25T09:00:00Z,33,112.7,18.2,13,1002
2025_0003,2025-06-25T12:00:00Z,36,112.4,18.6,13,1002
2025_0003,2025-06-25T15:00:00Z,39,111.9,19.0,13,1002
2025_0003,2025-06-25T18:00:00Z,42,111.5,19.4,13,1002
2025_0003,2025-06-25T21:00:00Z,45,111.0,19.8,15,998
2025_0003,2025-06-26T00:00:00Z,48,110.7,20.2,23,994
2025_0003,2025-06-26T03:00:00Z,51,110.4,20.6,20,995
2025_0003,2025-06-26T06:00:00Z,54,110.2,20.9,18,996
2025_0003,2025-06-26T09:00:00Z,57,110.0,21.3,18,996
2025_0003,2025-06-26T12:00:00Z,60,109.8,21.6,13,998
2025_0003,2025-06-26T15:00:00Z,63,109.4,22.0,10,1000
2025_0003,2025-06-26T18:00:00Z,66,108.9,22.5,10,1000
2025_0003,2025-06-26T21:00:00Z,69,108.6,22.9,10,1002
2025_0003,2025-06-27T00:00:00Z,72,108.1,23.6,10,1002
2025_0004,2025-07-01T00:00:00Z,0,148.3,21.2,13,1005
2025_0004,2025-07-01T06:00:00Z,6,148.1,22.4,15,1002
2025_0004,2025-07-01T12:00:00Z,12,147.9,23.1,15,1002
2025_0004,2025-07-01T18:00:00Z,18,147.6,24.2,15,1002
2025_0004,2025-07-02T00:00:00Z,24,147.4,25.1,15,1002
2025_0004,2025-07-02T06:00:00Z,30,146.8,25.6,15,1002
2025_0004,2025-07-02T12:00:00Z,36,146.3,26.1,18,998
2025_0004,2025-07-02T18:00:00Z,42,145.8,26.6,18,998
2025_0004,2025-07-03T00:00:00Z,48,145.4,26.8,20,995
2025_0004,2025-07-03T06:00:00Z,54,145.4,27.6,23,992
2025_0004,2025-07-03T12:00:00Z,60,145.4,28.4,23,992
2025_0004,2025-07-03T18:00:00Z,66,145.1,29.0,23,992
2025_0004,2025-07-04T00:00:00Z,72,145.2,29.6,23,992
2025_0004,2025-07-04T06:00:00Z,78,145.4,30.1,23,992
2025_0004,2025-07-04T12:00:00Z,84,145.7,30.6,25,990
2025_0004,2025-07-04T18:00:00Z,90,145.9,30.9,25,990
2025_0004,2025-07-05T00:00:00Z,96,146.3,31.1,28,985
2025_0004,2025-07-05T06:00:00Z,102,147.0,31.0,28,985
2025_0004,2025-07-05T12:00:00Z,108,147.9,31.3,28,985
2025_0004,2025-07-05T18:00:00Z,114,148.7,31.7,28,985
2025_0004,2025-07-06T00:00:00Z,120,149.1,32.2,25,990
2025_0004,2025-07-06T06:00:00Z,126,149.5,32.6,25,990
2025_0004,2025-07-06T12:00:00Z,132,149.6,33.4,23,992
2025_0004,2025-07-06T18:00:00Z,138,149.5,33.9,23,992
2025_0004,2025-07-07T00:00:00Z,144,148.9,34.7,23,992
2025_0004,2025-07-07T06:00:00Z,150,148.4,35.7,20,995
2025_0004,2025-07-07T12:00:00Z,156,148.0,36.7,18,998
2025_0004,2025-07-07T18:00:00Z,162,148.3,38.1,15,1002
2025_0004,2025-07-08T00:00:00Z,168,149.1,39.3,15,1002
2025_0004,2025-07-08T06:00:00Z,174,150.4,40.9,13,1005
2025_0005,2025-07-03T00:00:00Z,0,122.5,19.7,13,1002
2025_0005,2025-07-03T06:00:00Z,6,121.6,19.9,13,1002
2025_0005,2025-07-03T12:00:00Z,12,120.7,19.9,13,1002
2025_0005,2025-07-03T18:00:00Z,18,119.8,19.8,13,1002
2025_0005,2025-07-04T00:00:00Z,24,118.9,19.7,15,1000
2025_0005,2025-07-04T06:00:00Z,30,118.3,19.8,15,1000
2025_0005,2025-07-04T12:00:00Z,36,117.7,20.0,15,1000
2025_0005,2025-07-04T18:00:00Z,42,117.5,20.1,18,998
2025_0005,2025-07-05T00:00:00Z,48,117.5,20.2,20,995
2025_0005,2025-07-05T06:00:00Z,54,117.7,20.5,25,985
2025_0005,2025-07-05T12:00:00Z,60,117.8,20.7,28,982
2025_0005,2025-07-05T18:00:00Z,66,118.0,21.0,30,980
2025_0005,2025-07-05T21:00:00Z,69,118.1,21.3,33,975
2025_0005,2025-07-06T00:00:00Z,72,118.2,21.6,35,970
2025_0005,2025-07-06T03:00:00Z,75,118.4,21.8,35,970
2025_0005,2025-07-06T06:00:00Z,78,118.8,22.1,38,965
2025_0005,2025-07-06T09:00:00Z,81,119.2,22.5,42,955
2025_0005,2025-07-06T12:00:00Z,84,119.6,22.9,45,950
2025_0005,2025-07-06T15:00:00Z,87,120.0,23.3,45,950
2025_0005,2025-07-06T18:00:00Z,90,120.7,24.0,38,965
2025_0005,2025-07-06T21:00:00Z,93,121.0,25.1,33,970
2025_0005,2025-07-07T00:00:00Z,96,121.1,25.7,28,982
2025_0005,2025-07-07T03:00:00Z,99,121.2,26.1,25,985
2025_0005,2025-07-07T06:00:00Z,102,121.4,26.5,23,990
2025_0005,2025-07-07T09:00:00Z,105,121.6,26.7,23,990
2025_0005,2025-07-07T12:00:00Z,108,121.8,27.0,23,990
2025_0005,2025-07-07T15:00:00Z,111,122.1,27.3,23,990
2025_0005,2025-07-07T18:00:00Z,114,122.4,27.6,23,990
2025_0005,2025-07-07T21:00:00Z,117,122.4,27.9,23,990
2025_0005,2025-07-08T00:00:00Z,120,122.3,28.0,23,990
2025_0005,2025-07-08T03:00:00Z,123,122.1,28.0,23,990
2025_0005,2025-07-08T06:00:00Z,126,121.9,28.0,23,990
2025_0005,2025-07-08T09:00:00Z,129,121.7,27.9,23,990
2025_0005,2025-07-08T12:00:00Z,132,121.4,27.8,23,990
2025_0005,2025-07-08T15:00:00Z,135,120.9,27.8,23,990
2025_0005,2025-07-08T18:00:00Z,138,120.1,27.4,20,992
2025_0005,2025-07-08T21:00:00Z,141,119.5,27.1,20,992
2025_0005,2025-07-09T00:00:00Z,144,119.2,26.9,18,994
2025_0005,2025-07-09T03:00:00Z,147,118.6,26.8,15,995
2025_0005,2025-07-09T06:00:00Z,150,118.2,26.5,13,995
2025_0005,2025-07-09T09:00:00Z,153,117.5,26.2,13,995
2025_0005,2025-07-09T12:00:00Z,156,117.0,25.9,13,995
2025_0005,2025-07-09T15:00:00Z,159,116.5,25.7,10,995
2025_0005,2025-07-09T18:00:00Z,162,116.0,25.0,10,995
2025_0005,2025-07-09T21:00:00Z,165,115.8,24.6,10,995
2025_0005,2025-07-10T00:00:00Z,168,115.7,24.2,10,995
2025_0005,2025-07-10T03:00:00Z,171,115.6,23.9,10,995
2025_0005,2025-07-10T06:00:00Z,174,115.5,23.6,10,995
2025_0005,2025-07-10T09:00:00Z,177,115.4,23.2,10,995
2025_0005,2025-07-10T12:00:00Z,180,115.3,22.9,10,995
2025_0005,2025-07-10T15:00:00Z,183,114.9,22.8,10,995
2025_0005,2025-07-10T18:00:00Z,186,114.5,22.8,10,995
2025_0005,2025-07-10T21:00:00Z,189,114.2,22.7,10,995
2025_0005,2025-07-11T00:00:00Z,192,113.9,22.5,10,995
2025_0006,2025-07-10T00:00:00Z,0,142.5,20.6,13,1002
2025_0006,2025-07-10T06:00:00Z,6,142.5,21.8,13,1002
2025_0006,2025-07-10T12:00:00Z,12,142.0,23.0,13,1002
2025_0006,2025-07-10T18:00:00Z,18,141.3,24.2,13,1002
2025_0006,2025-07-11T00:00:00Z,24,140.4,25.0,15,1000
2025_0006,2025-07-11T06:00:00Z,30,140.0,25.0,15,1000
2025_0006,2025-07-11T12:00:00Z,36,140.0,25.1,15,1000
2025_0006,2025-07-11T18:00:00Z,42,140.1,25.2,15,1000
2025_0006,2025-07-12T00:00:00Z,48,140.5,25.0,18,998
2025_0006,2025-07-12T06:00:00Z,54,141.4,24.8,18,998
2025_0006,2025-07-12T12:00:00Z,60,141.8,25.0,18,998
2025_0006,2025-07-12T18:00:00Z,66,142.1,25.3,18,998
2025_0006,2025-07-13T00:00:00Z,72,142.5,26.0,20,995
2025_0006,2025-07-13T06:00:00Z,78,143.1,27.6,20,995
2025_0006,2025-07-13T12:00:00Z,84,143.0,30.0,23,992
2025_0006,2025-07-13T18:00:00Z,90,142.0,32.3,25,990
2025_0006,2025-07-14T00:00:00Z,96,142.2,34.1,25,990
2025_0006,2025-07-14T06:00:00Z,102,142.6,36.7,23,992
2025_0006,2025-07-14T12:00:00Z,108,142.7,39.7,20,995
2025_0006,2025-07-14T18:00:00Z,114,143.4,42.5,20,995
2025_0006,2025-07-15T00:00:00Z,120,145.4,45.1,18,998
2025_0006,2025-07-15T06:00:00Z,126,148.1,46.9,15,1002
2025_0006,2025-07-15T12:00:00Z,132,151.3,48.1,13,1005
2025_0006,2025-07-15T18:00:00Z,138,157.0,48.7,10,1008
2025_0007,2025-07-11T18:00:00Z,0,123.2,30.1,13,1000
2025_0007,2025-07-12T00:00:00Z,6,123.3,30.5,13,1000
2025_0007,2025-07-12T06:00:00Z,12,122.8,30.8,13,1000
2025_0007,2025-07-12T12:00:00Z,18,122.9,30.4,13,1000
2025_0007,2025-07-12T18:00:00Z,24,123.6,30.9,15,998
2025_0007,2025-07-13T00:00:00Z,30,124.7,30.9,15,998
2025_0007,2025-07-13T06:00:00Z,36,125.9,31.0,15,998
2025_0007,2025-07-13T12:00:00Z,42,127.5,31.3,15,996
2025_0007,2025-07-13T18:00:00Z,48,129.7,31.9,15,994
2025_0007,2025-07-14T00:00:00Z,54,131.2,33.1,15,992
2025_0007,2025-07-14T06:00:00Z,60,132.7,34.5,15,990
2025_0007,2025-07-14T12:00:00Z,66,134.6,35.8,13,992
2025_0008,2025-07-16T06:00:00Z,0,130.8,13.9,13,1002
2025_0008,2025-07-16T12:00:00Z,6,129.6,14.1,13,1002
2025_0008,2025-07-16T18:00:00Z,12,128.5,14.3,15,1000
2025_0008,2025-07-17T00:00:00Z,18,127.2,14.6,15,1000
2025_0008,2025-07-17T06:00:00Z,24,126.6,15.2,15,1000
2025_0008,2025-07-17T12:00:00Z,30,125.7,16.3,15,1000
2025_0008,2025-07-17T18:00:00Z,36,124.9,17.2,18,998
2025_0008,2025-07-18T00:00:00Z,42,124.4,17.8,18,998
2025_0008,2025-07-18T06:00:00Z,48,123.5,18.5,20,995
2025_0008,2025-07-18T12:00:00Z,54,122.4,19.2,20,995
2025_0008,2025-07-18T18:00:00Z,60,120.8,19.7,23,990
2025_0008,2025-07-19T00:00:00Z,66,119.9,20.1,25,985
2025_0008,2025-07-19T06:00:00Z,72,119.0,20.5,28,982
2025_0008,2025-07-19T09:00:00Z,75,118.3,20.9,30,980
2025_0008,2025-07-19T12:00:00Z,78,117.6,21.2,30,980
2025_0008,2025-07-19T15:00:00Z,81,116.8,21.5,33,975
2025_0008,2025-07-19T18:00:00Z,84,116.1,21.6,35,970
2025_0008,2025-07-19T21:00:00Z,87,115.4,21.6,35,970
2025_0008,2025-07-20T00:00:00Z,90,114.7,21.6,35,970
2025_0008,2025-07-20T03:00:00Z,93,114.0,21.7,38,965
2025_0008,2025-07-20T06:00:00Z,96,113.4,21.8,35,970
2025_0008,2025-07-20T09:00:00Z,99,112.8,21.7,33,975
2025_0008,2025-07-20T12:00:00Z,102,112.3,21.6,28,978
2025_0008,2025-07-20T15:00:00Z,105,111.7,21.6,25,980
2025_0008,2025-07-20T18:00:00Z,108,111.0,21.6,23,982
2025_0008,2025-07-20T21:00:00Z,111,110.3,21.5,23,982
2025_0008,2025-07-21T00:00:00Z,114,109.9,21.2,20,984
2025_0008,2025-07-21T06:00:00Z,120,109.1,21.0,25,980
2025_0008,2025-07-21T12:00:00Z,126,108.4,21.0,28,978
2025_0008,2025-07-21T18:00:00Z,132,107.7,20.9,28,978
2025_0008,2025-07-22T00:00:00Z,138,106.8,20.6,25,980
2025_0008,2025-07-22T06:00:00Z,144,106.1,20.2,18,985
2025_0008,2025-07-22T12:00:00Z,150,105.0,19.7,15,990
2025_0008,2025-07-22T18:00:00Z,156,103.6,19.4,13,995
2025_0009,2025-07-22T06:00:00Z,0,132.4,17.9,13,1002
2025_0009,2025-07-22T12:00:00Z,6,131.9,19.0,15,1000
2025_0009,2025-07-22T18:00:00Z,12,131.2,19.9,15,1000
2025_0009,2025-07-23T00:00:00Z,18,130.3,20.7,18,995
2025_0009,2025-07-23T06:00:00Z,24,129.7,21.8,18,995
2025_0009,2025-07-23T12:00:00Z,30,128.9,22.5,20,990
2025_0009,2025-07-23T18:00:00Z,36,128.2,23.1,20,990
2025_0009,2025-07-24T00:00:00Z,42,127.9,24.1,20,990
2025_0009,2025-07-24T06:00:00Z,48,127.9,24.8,20,990
2025_0009,2025-07-24T12:00:00Z,54,127.2,25.8,20,990
2025_0009,2025-07-24T18:00:00Z,60,125.6,26.4,18,992
2025_0009,2025-07-25T00:00:00Z,66,123.8,26.6,18,992
2025_0009,2025-07-25T06:00:00Z,72,122.7,26.6,18,992
2025_0009,2025-07-25T12:00:00Z,78,121.9,26.4,15,994
2025_0009,2025-07-25T15:00:00Z,81,121.5,26.4,15,994
2025_0009,2025-07-25T18:00:00Z,84,121.2,26.4,15,994
2025_0009,2025-07-25T21:00:00Z,87,120.9,26.5,13,995
2025_0009,2025-07-26T00:00:00Z,90,120.7,26.6,13,995
2025_0009,2025-07-26T03:00:00Z,93,120.4,26.6,13,995
2025_0009,2025-07-26T06:00:00Z,96,120.2,26.5,10,996
2025_0009,2025-07-26T09:00:00Z,99,120.0,26.4,10,996
2025_0009,2025-07-26T12:00:00Z,102,119.6,26.3,10,996
2025_0010,2025-07-22T06:00:00Z,0,122.6,19.6,13,1000
2025_0010,2025-07-22T12:00:00Z,6,121.7,19.3,13,1000
2025_0010,2025-07-22T18:00:00Z,12,120.9,19.0,13,1000
2025_0010,2025-07-23T00:00:00Z,18,120.1,18.7,15,998
2025_0010,2025-07-23T06:00:00Z,24,119.6,18.2,18,992
2025_0010,2025-07-23T12:00:00Z,30,118.9,17.7,20,990
2025_0010,2025-07-23T18:00:00Z,36,118.2,17.1,25,985
2025_0010,2025-07-24T00:00:00Z,42,118.4,16.5,28,980
2025_0010,2025-07-24T06:00:00Z,48,118.8,16.2,28,980
2025_0010,2025-07-24T12:00:00Z,54,119.3,16.0,30,978
2025_0010,2025-07-24T18:00:00Z,60,120.1,16.7,33,975
2025_0010,2025-07-25T00:00:00Z,66,120.5,17.8,30,978
2025_0010,2025-07-25T06:00:00Z,72,121.3,19.6,23,985
2025_0010,2025-07-25T12:00:00Z,78,123.2,21.9,20,990
2025_0010,2025-07-25T18:00:00Z,84,124.8,23.4,15,995
2025_0010,2025-07-26T00:00:00Z,90,125.7,25.2,15,995
2025_0010,2025-07-26T06:00:00Z,96,126.3,26.3,13,998
2025_0010,2025-07-26T12:00:00Z,102,126.6,26.8,13,998
2025_0010,2025-07-26T18:00:00Z,108,127.3,26.7,13,998
2025_0010,2025-07-27T00:00:00Z,114,127.7,26.6,13,998
2025_0010,2025-07-27T06:00:00Z,120,128.2,26.5,15,995
2025_0010,2025-07-27T12:00:00Z,126,128.6,26.5,18,990
2025_0010,2025-07-27T18:00:00Z,132,128.3,26.4,18,990
2025_0010,2025-07-28T00:00:00Z,138,128.0,26.3,18,990
2025_0010,2025-07-28T06:00:00Z,144,128.2,26.6,18,990
2025_0010,2025-07-28T12:00:00Z,150,126.7,26.8,18,990
2025_0010,2025-07-28T18:00:00Z,156,125.6,27.0,18,990
2025_0010,2025-07-28T21:00:00Z,159,125.2,27.1,18,990
2025_0010,2025-07-29T00:00:00Z,162,124.8,27.3,18,990
2025_0010,2025-07-29T03:00:00Z,165,124.4,27.6,18,990
2025_0010,2025-07-29T06:00:00Z,168,124.1,28.0,20,985
2025_0010,2025-07-29T09:00:00Z,171,123.7,28.4,20,985
2025_0010,2025-07-29T12:00:00Z,174,123.4,28.7,20,985
2025_0010,2025-07-29T15:00:00Z,177,123.1,29.2,23,980
2025_0010,2025-07-29T18:00:00Z,180,122.8,29.6,25,978
2025_0010,2025-07-29T21:00:00Z,183,122.3,29.9,28,975
2025_0010,2025-07-30T00:00:00Z,186,122.2,30.1,25,978
2025_0010,2025-07-30T03:00:00Z,189,122.1,30.4,25,978
2025_0010,2025-07-30T06:00:00Z,192,121.9,30.6,25,978
2025_0010,2025-07-30T09:00:00Z,195,121.6,30.9,23,980
2025_0010,2025-07-30T12:00:00Z,198,121.0,31.1,20,982
2025_0010,2025-07-30T15:00:00Z,201,120.6,31.0,20,984
2025_0010,2025-07-30T18:00:00Z,204,120.3,31.2,18,985
2025_0010,2025-07-30T21:00:00Z,207,120.0,31.4,18,985
2025_0010,2025-07-31T00:00:00Z,210,119.8,31.5,18,988
2025_0010,2025-07-31T03:00:00Z,213,119.5,31.7,15,990
2025_0010,2025-07-31T06:00:00Z,216,119.1,31.9,15,990
2025_0010,2025-07-31T09:00:00Z,219,118.7,31.8,15,990
2025_0010,2025-07-31T12:00:00Z,222,118.5,31.7,13,992
2025_0010,2025-07-31T15:00:00Z,225,118.2,31.7,13,992
2025_0010,2025-07-31T18:00:00Z,228,117.9,31.8,13,992
2025_0010,2025-07-31T21:00:00Z,231,117.8,31.8,13,992
2025_0010,2025-08-01T00:00:00Z,234,117.7,31.8,10,995
2025_0010,2025-08-01T03:00:00Z,237,117.5,31.8,10,995
2025_0010,2025-08-01T06:00:00Z,240,117.4,31.8,10,995
2025_0010,2025-08-01T09:00:00Z,243,117.3,31.8,10,995
2025_0010,2025-08-01T12:00:00Z,246,117.3,31.7,10,995
2025_0010,2025-08-01T15:00:00Z,249,117.4,31.8,10,996
2025_0010,2025-08-01T18:00:00Z,252,117.5,31.9,10,996
2025_0010,2025-08-01T21:00:00Z,255,118.0,31.9,10,996
2025_0010,2025-08-02T00:00:00Z,258,118.5,32.0,10,996
2025_0010,2025-08-02T03:00:00Z,261,118.8,32.2,10,996
2025_0010,2025-08-02T06:00:00Z,264,119.1,32.3,10,996
2025_0010,2025-08-02T09:00:00Z,267,119.3,32.4,10,996
2025_0010,2025-08-02T12:00:00Z,270,119.4,32.6,10,996
2025_0010,2025-08-02T15:00:00Z,273,119.5,32.8,10,998
2025_0011,2025-07-23T12:00:00Z,0,144.5,13.0,13,1002
2025_0011,2025-07-23T18:00:00Z,6,144.2,13.5,13,1002
2025_0011,2025-07-24T00:00:00Z,12,143.9,14.2,15,1000
2025_0011,2025-07-24T06:00:00Z,18,143.6,15.1,18,998
2025_0011,2025-07-24T12:00:00Z,24,143.5,15.8,18,998
2025_0011,2025-07-24T18:00:00Z,30,143.5,16.5,18,998
2025_0011,2025-07-25T00:00:00Z,36,143.5,16.9,20,995
2025_0011,2025-07-25T06:00:00Z,42,143.4,17.3,20,995
2025_0011,2025-07-25T12:00:00Z,48,143.6,17.4,23,990
2025_0011,2025-07-25T18:00:00Z,54,143.7,17.5,23,990
2025_0011,2025-07-26T00:00:00Z,60,143.9,17.7,25,985
2025_0011,2025-07-26T06:00:00Z,66,144.2,18.0,25,985
2025_0011,2025-07-26T12:00:00Z,72,144.5,18.5,25,985
2025_0011,2025-07-26T18:00:00Z,78,145.1,19.5,30,980
2025_0011,2025-07-27T00:00:00Z,84,145.3,20.6,33,975
2025_0011,2025-07-27T06:00:00Z,90,145.5,21.5,38,970
2025_0011,2025-07-27T12:00:00Z,96,145.6,23.0,38,970
2025_0011,2025-07-27T18:00:00Z,102,145.5,24.2,40,965
2025_0011,2025-07-28T00:00:00Z,108,145.1,25.8,40,965
2025_0011,2025-07-28T06:00:00Z,114,144.5,26.8,38,970
2025_0011,2025-07-28T12:00:00Z,120,144.1,27.3,33,975
2025_0011,2025-07-28T18:00:00Z,126,143.6,27.8,30,980
2025_0011,2025-07-29T00:00:00Z,132,143.2,28.2,30,980
2025_0011,2025-07-29T06:00:00Z,138,142.9,28.5,30,980
2025_0011,2025-07-29T12:00:00Z,144,142.9,28.6,28,982
2025_0011,2025-07-29T18:00:00Z,150,142.9,28.7,25,985
2025_0011,2025-07-30T00:00:00Z,156,142.9,28.8,23,990
2025_0011,2025-07-30T06:00:00Z,162,143.2,29.0,23,990
2025_0011,2025-07-30T12:00:00Z,168,143.2,29.3,23,990
2025_0011,2025-07-30T18:00:00Z,174,143.1,29.6,23,990
2025_0011,2025-07-31T00:00:00Z,180,143.0,30.0,23,990
2025_0011,2025-07-31T06:00:00Z,186,142.7,30.6,23,990
2025_0011,2025-07-31T12:00:00Z,192,142.4,31.1,25,985
2025_0011,2025-07-31T18:00:00Z,198,142.1,31.7,25,985
2025_0011,2025-08-01T00:00:00Z,204,141.8,32.5,25,985
2025_0011,2025-08-01T06:00:00Z,210,141.4,33.8,28,982
2025_0011,2025-08-01T12:00:00Z,216,141.3,34.5,28,982
2025_0011,2025-08-01T18:00:00Z,222,141.6,35.2,28,982
2025_0011,2025-08-02T00:00:00Z,228,142.7,36.4,28,982
2025_0011,2025-08-02T06:00:00Z,234,143.9,37.5,28,982
2025_0011,2025-08-02T12:00:00Z,240,146.1,38.4,28,982
2025_0011,2025-08-02T18:00:00Z,246,148.2,39.0,28,982
2025_0011,2025-08-03T00:00:00Z,252,151.3,39.8,25,985
2025_0011,2025-08-03T06:00:00Z,258,154.5,40.6,25,985
2025_0011,2025-08-03T12:00:00Z,264,157.8,41.3,23,990
2025_0011,2025-08-03T18:00:00Z,270,161.3,42.0,20,992
2025_0011,2025-08-04T00:00:00Z,276,163.3,42.6,20,992
2025_0011,2025-08-04T06:00:00Z,282,165.9,43.4,20,990
2025_0011,2025-08-04T12:00:00Z,288,169.2,43.6,18,992
2025_0011,2025-08-04T18:00:00Z,294,173.5,43.7,18,992
2025_0011,2025-08-05T00:00:00Z,300,177.8,44.2,15,995
2025_0011,2025-08-05T06:00:00Z,306,181.9,44.7,15,995
2025_0011,2025-08-05T12:00:00Z,312,185.6,45.2,15,995
2025_0011,2025-08-05T18:00:00Z,318,190.9,46.4,15,995
2025_0012,2025-07-31T12:00:00Z,0,131.2,25.4,15,1000
2025_0012,2025-07-31T18:00:00Z,6,131.7,25.0,15,1000
2025_0012,2025-08-01T00:00:00Z,12,132.2,25.0,15,1000
2025_0012,2025-08-01T06:00:00Z,18,133.9,25.4,15,1000
2025_0012,2025-08-01T12:00:00Z,24,135.4,25.9,15,1000
2025_0012,2025-08-01T18:00:00Z,30,136.5,26.8,15,1000
2025_0012,2025-08-02T00:00:00Z,36,137.0,27.3,15,1000
2025_0012,2025-08-02T06:00:00Z,42,138.1,28.6,15,1000
2025_0012,2025-08-02T12:00:00Z,48,138.9,30.3,18,998
2025_0012,2025-08-02T18:00:00Z,54,140.1,31.7,18,998
2025_0012,2025-08-03T00:00:00Z,60,141.4,33.1,18,998
2025_0012,2025-08-03T06:00:00Z,66,143.6,34.5,18,998
2025_0012,2025-08-03T12:00:00Z,72,145.3,35.7,18,998
2025_0012,2025-08-03T18:00:00Z,78,147.6,36.7,18,998
2025_0012,2025-08-04T00:00:00Z,84,149.7,37.1,18,998
2025_0012,2025-08-04T06:00:00Z,90,151.7,37.4,18,998
2025_0012,2025-08-04T12:00:00Z,96,153.7,37.6,18,998
2025_0012,2025-08-04T18:00:00Z,102,155.9,37.9,18,998
2025_0012,2025-08-05T00:00:00Z,108,157.1,38.1,18,998
2025_0012,2025-08-05T06:00:00Z,114,158.2,38.7,18,998
2025_0012,2025-08-05T12:00:00Z,120,159.1,39.2,15,1000
2025_0012,2025-08-05T18:00:00Z,126,160.4,39.8,15,1000
2025_0012,2025-08-06T00:00:00Z,132,161.8,40.2,15,1000
2025_0012,2025-08-06T06:00:00Z,138,164.0,41.4,18,1000
2025_0012,2025-08-06T12:00:00Z,144,165.7,42.6,18,1000
2025_0012,2025-08-06T18:00:00Z,150,167.8,43.6,15,1002
2025_0012,2025-08-07T00:00:00Z,156,170.9,44.5,15,1002
2025_0013,2025-08-05T12:00:00Z,0,159.2,27.2,13,1006
2025_0013,2025-08-05T18:00:00Z,6,158.1,27.1,13,1006
2025_0013,2025-08-06T00:00:00Z,12,157.4,27.8,13,1006
2025_0013,2025-08-06T06:00:00Z,18,157.3,28.9,13,1006
2025_0013,2025-08-06T12:00:00Z,24,157.2,29.9,13,1006
2025_0013,2025-08-06T18:00:00Z,30,156.9,31.1,13,1006
2025_0013,2025-08-07T00:00:00Z,36,156.6,32.9,13,1006
2025_0013,2025-08-07T06:00:00Z,42,156.4,34.4,10,1008
2025_0013,2025-08-07T12:00:00Z,48,156.8,35.8,10,1008
2025_0014,2025-08-06T00:00:00Z,0,148.7,18.5,13,1004
2025_0014,2025-08-06T06:00:00Z,6,148.6,18.3,13,1004
2025_0014,2025-08-06T12:00:00Z,12,148.5,18.2,13,1004
2025_0014,2025-08-06T18:00:00Z,18,148.2,18.1,13,1004
2025_0014,2025-08-07T00:00:00Z,24,147.9,18.2,13,1004
2025_0014,2025-08-07T06:00:00Z,30,147.7,18.6,15,1002
2025_0014,2025-08-07T12:00:00Z,36,147.0,18.9,18,1000
2025_0014,2025-08-07T18:00:00Z,42,146.3,19.4,18,1000
2025_0014,2025-08-08T00:00:00Z,48,145.7,20.1,18,1000
2025_0014,2025-08-08T06:00:00Z,54,145.2,20.5,18,1000
2025_0014,2025-08-08T12:00:00Z,60,144.4,20.8,20,995
2025_0014,2025-08-08T18:00:00Z,66,143.5,21.1,23,990
2025_0014,2025-08-09T00:00:00Z,72,142.8,21.3,25,985
2025_0014,2025-08-09T06:00:00Z,78,142.1,21.5,25,985
2025_0014,2025-08-09T12:00:00Z,84,141.0,21.6,28,982
2025_0014,2025-08-09T18:00:00Z,90,140.0,21.6,30,980
2025_0014,2025-08-10T00:00:00Z,96,138.6,21.5,30,980
2025_0014,2025-08-10T06:00:00Z,102,137.3,21.5,30,980
2025_0014,2025-08-10T12:00:00Z,108,136.0,21.3,28,982
2025_0014,2025-08-10T18:00:00Z,114,134.9,21.2,28,982
2025_0014,2025-08-11T00:00:00Z,120,133.4,21.1,28,982
2025_0014,2025-08-11T06:00:00Z,126,132.2,20.8,28,982
2025_0014,2025-08-11T12:00:00Z,132,130.9,20.8,28,982
2025_0014,2025-08-11T18:00:00Z,138,129.3,20.7,30,980
2025_0014,2025-08-12T00:00:00Z,144,128.0,21.0,30,980
2025_0014,2025-08-12T06:00:00Z,150,126.6,21.3,33,975
2025_0014,2025-08-12T09:00:00Z,153,125.8,21.5,35,970
2025_0014,2025-08-12T12:00:00Z,156,125.0,21.7,38,965
2025_0014,2025-08-12T15:00:00Z,159,124.0,21.9,40,960
2025_0014,2025-08-12T18:00:00Z,162,123.3,22.0,40,960
2025_0014,2025-08-12T21:00:00Z,165,122.6,22.0,42,955
2025_0014,2025-08-13T00:00:00Z,168,122.0,22.0,42,955
2025_0014,2025-08-13T03:00:00Z,171,121.3,22.4,42,955
2025_0014,2025-08-13T06:00:00Z,174,120.6,22.8,38,965
2025_0014,2025-08-13T09:00:00Z,177,119.9,23.1,35,970
2025_0014,2025-08-13T12:00:00Z,180,119.0,23.4,33,975
2025_0014,2025-08-13T15:00:00Z,183,118.0,23.8,30,980
2025_0014,2025-08-13T18:00:00Z,186,116.9,24.1,20,995
2025_0014,2025-08-13T21:00:00Z,189,115.9,24.4,20,995
2025_0014,2025-08-14T00:00:00Z,192,115.0,24.4,18,998
2025_0014,2025-08-14T03:00:00Z,195,114.2,24.5,18,998
2025_0014,2025-08-14T06:00:00Z,198,113.7,24.6,15,1000
2025_0014,2025-08-14T09:00:00Z,201,112.8,24.7,15,1000
2025_0014,2025-08-14T12:00:00Z,204,112.0,24.8,15,1002
2025_0014,2025-08-14T15:00:00Z,207,110.7,24.9,15,1002
2025_0014,2025-08-14T18:00:00Z,210,109.6,25.0,13,1002
2025_0014,2025-08-14T21:00:00Z,213,108.8,25.4,10,1002
2025_0014,2025-08-15T00:00:00Z,216,107.8,25.7,10,1002
2025_0015,2025-08-16T18:00:00Z,0,111.3,16.5,13,1004
2025_0015,2025-08-17T00:00:00Z,6,110.7,17.1,13,1004
2025_0015,2025-08-17T06:00:00Z,12,110.1,17.5,13,1004
2025_0015,2025-08-17T12:00:00Z,18,109.5,17.9,13,1004
2025_0015,2025-08-17T18:00:00Z,24,108.8,18.2,15,1002
2025_0015,2025-08-18T00:00:00Z,30,108.2,18.7,15,1002
2025_0015,2025-08-18T06:00:00Z,36,107.9,19.2,15,1002
2025_0015,2025-08-18T12:00:00Z,42,107.7,20.0,15,1002
2025_0015,2025-08-18T18:00:00Z,48,107.6,20.8,15,1002
2025_0015,2025-08-19T00:00:00Z,54,107.5,21.4,15,1002
2025_0015,2025-08-19T06:00:00Z,60,107.2,22.7,13,1002
2025_0015,2025-08-19T12:00:00Z,66,107.0,23.7,10,1002
2025_0016,2025-08-17T06:00:00Z,0,127.7,22.2,13,1005
2025_0016,2025-08-17T12:00:00Z,6,127.2,22.3,13,1005
2025_0016,2025-08-17T18:00:00Z,12,126.8,22.4,13,1005
2025_0016,2025-08-18T00:00:00Z,18,126.9,22.3,15,1002
2025_0016,2025-08-18T06:00:00Z,24,126.7,22.8,15,1002
2025_0016,2025-08-18T12:00:00Z,30,126.6,23.2,15,1002
2025_0016,2025-08-18T18:00:00Z,36,127.2,24.4,15,1002
2025_0016,2025-08-19T00:00:00Z,42,127.6,26.2,15,1002
2025_0016,2025-08-19T06:00:00Z,48,127.4,27.2,15,1002
2025_0016,2025-08-19T12:00:00Z,54,127.1,27.8,15,1002
2025_0016,2025-08-19T18:00:00Z,60,127.0,28.5,15,1002
2025_0016,2025-08-20T00:00:00Z,66,127.4,29.2,15,1002
2025_0016,2025-08-20T06:00:00Z,72,127.8,30.4,15,1002
2025_0016,2025-08-20T12:00:00Z,78,128.0,31.2,18,1000
2025_0016,2025-08-20T18:00:00Z,84,128.7,31.8,23,995
2025_0016,2025-08-21T00:00:00Z,90,129.4,32.0,23,995
2025_0016,2025-08-21T06:00:00Z,96,130.0,31.6,23,995
2025_0016,2025-08-21T12:00:00Z,102,130.8,31.6,15,1002
2025_0016,2025-08-21T18:00:00Z,108,131.4,31.7,13,1005
2025_0016,2025-08-22T00:00:00Z,114,132.0,32.1,13,1005
2025_0016,2025-08-22T06:00:00Z,120,132.5,32.5,13,1005
2025_0016,2025-08-22T12:00:00Z,126,133.1,32.5,10,1008
2025_0016,2025-08-22T18:00:00Z,132,133.9,32.7,10,1008
2025_0016,2025-08-23T00:00:00Z,138,134.8,33.2,10,1008
2025_0017,2025-08-21T12:00:00Z,0,124.3,15.6,13,1002
2025_0017,2025-08-21T18:00:00Z,6,123.4,15.8,13,1002
2025_0017,2025-08-22T00:00:00Z,12,122.6,16.2,13,1002
2025_0017,2025-08-22T06:00:00Z,18,121.6,16.6,13,1002
2025_0017,2025-08-22T12:00:00Z,24,119.7,16.8,15,1000
2025_0017,2025-08-22T18:00:00Z,30,118.1,17.0,18,998
2025_0017,2025-08-23T00:00:00Z,36,116.7,17.2,20,995
2025_0017,2025-08-23T06:00:00Z,42,115.0,17.5,23,990
2025_0017,2025-08-23T12:00:00Z,48,113.4,17.5,25,985
2025_0017,2025-08-23T18:00:00Z,54,112.3,17.4,30,980
2025_0017,2025-08-24T00:00:00Z,60,111.3,17.2,35,970
2025_0017,2025-08-24T06:00:00Z,66,110.4,17.4,45,950
2025_0017,2025-08-24T12:00:00Z,72,109.3,17.9,52,935
2025_0017,2025-08-24T18:00:00Z,78,108.2,18.1,48,945
2025_0017,2025-08-25T00:00:00Z,84,107.3,18.3,45,950
2025_0017,2025-08-25T06:00:00Z,90,106.3,18.4,45,950
2025_0017,2025-08-25T12:00:00Z,96,105.8,18.4,33,975
2025_0017,2025-08-25T18:00:00Z,102,104.9,18.7,23,990
2025_0017,2025-08-26T00:00:00Z,108,103.3,19.0,18,998
2025_0017,2025-08-26T06:00:00Z,114,102.2,19.1,15,1000
2025_0017,2025-08-26T12:00:00Z,120,100.7,19.2,13,1002
2025_0017,2025-08-26T18:00:00Z,126,100.0,19.5,10,1004
2025_0017,2025-08-27T00:00:00Z,132,99.6,20.1,10,1004
2025_0018,2025-08-28T00:00:00Z,0,116.3,14.7,13,1002
2025_0018,2025-08-28T06:00:00Z,6,115.9,15.0,13,1002
2025_0018,2025-08-28T12:00:00Z,12,115.0,15.5,13,1002
2025_0018,2025-08-28T18:00:00Z,18,114.1,15.9,15,1000
2025_0018,2025-08-29T00:00:00Z,24,113.0,16.2,18,998
2025_0018,2025-08-29T06:00:00Z,30,112.2,16.5,18,998
2025_0018,2025-08-29T12:00:00Z,36,111.2,17.3,18,998
2025_0018,2025-08-29T18:00:00Z,42,109.5,17.6,18,998
2025_0018,2025-08-30T00:00:00Z,48,107.9,17.8,20,995
2025_0018,2025-08-30T06:00:00Z,54,106.8,17.9,20,995
2025_0018,2025-08-30T12:00:00Z,60,105.4,18.1,15,1000
2025_0018,2025-08-30T18:00:00Z,66,103.1,17.8,13,1002
2025_0018,2025-08-31T00:00:00Z,72,101.4,17.2,10,1004
2025_0018,2025-08-31T06:00:00Z,78,100.1,17.5,10,1004
2025_0019,2025-09-02T00:00:00Z,0,129.1,19.1,15,1002
2025_0019,2025-09-02T06:00:00Z,6,131.0,20.0,15,1002
2025_0019,2025-09-02T12:00:00Z,12,132.0,21.5,15,1002
2025_0019,2025-09-02T18:00:00Z,18,133.0,23.1,15,1002
2025_0019,2025-09-03T00:00:00Z,24,132.5,24.1,15,1002
2025_0019,2025-09-03T06:00:00Z,30,131.5,25.4,15,1002
2025_0019,2025-09-03T12:00:00Z,36,131.5,27.1,15,1002
2025_0019,2025-09-03T18:00:00Z,42,131.0,28.2,18,1000
2025_0019,2025-09-04T00:00:00Z,48,131.0,29.7,18,1000
2025_0019,2025-09-04T06:00:00Z,54,131.5,31.3,18,1000
2025_0019,2025-09-04T12:00:00Z,60,132.1,32.7,18,1000
2025_0019,2025-09-04T18:00:00Z,66,133.0,33.4,18,1000
2025_0019,2025-09-05T00:00:00Z,72,135.2,33.9,20,998
2025_0019,2025-09-05T06:00:00Z,78,139.2,34.9,23,992
2025_0019,2025-09-05T12:00:00Z,84,143.3,35.9,23,992
2025_0019,2025-09-05T18:00:00Z,90,147.0,36.1,23,992
2025_0019,2025-09-06T00:00:00Z,96,150.0,36.0,25,985
2025_0019,2025-09-06T06:00:00Z,102,153.0,35.4,25,985
2025_0019,2025-09-06T12:00:00Z,108,156.0,35.0,25,985
2025_0019,2025-09-06T18:00:00Z,114,158.0,34.8,23,988
2025_0019,2025-09-07T00:00:00Z,120,159.3,34.9,20,992
2025_0019,2025-09-07T06:00:00Z,126,161.2,35.0,20,992
2025_0019,2025-09-07T12:00:00Z,132,162.8,35.5,20,992
2025_0019,2025-09-07T18:00:00Z,138,164.0,35.8,18,1000
2025_0019,2025-09-08T00:00:00Z,144,165.7,36.0,18,1000
2025_0019,2025-09-08T06:00:00Z,150,167.3,36.4,18,1000
2025_0019,2025-09-08T12:00:00Z,156,168.7,36.9,15,1005
2025_0019,2025-09-08T18:00:00Z,162,170.2,37.7,15,1008
2025_0019,2025-09-09T00:00:00Z,168,171.4,38.3,15,1008
2025_0019,2025-09-09T06:00:00Z,174,172.6,38.8,13,1010
2025_0019,2025-09-09T12:00:00Z,180,174.2,39.3,13,1012
2025_0019,2025-09-09T18:00:00Z,186,176.4,40.0,13,1012
2025_0019,2025-09-10T00:00:00Z,192,178.7,40.5,13,1012
2025_0019,2025-09-10T06:00:00Z,198,181.3,40.6,13,1012
2025_0019,2025-09-10T12:00:00Z,204,184.2,40.5,13,1012
2025_0020,2025-09-05T00:00:00Z,0,120.1,17.5,15,1002
2025_0020,2025-09-05T06:00:00Z,6,119.5,17.5,15,1002
2025_0020,2025-09-05T12:00:00Z,12,118.8,17.5,15,1002
2025_0020,2025-09-05T18:00:00Z,18,118.0,17.6,15,1002
2025_0020,2025-09-06T00:00:00Z,24,117.4,17.8,15,1002
2025_0020,2025-09-06T06:00:00Z,30,116.6,18.0,15,1002
2025_0020,2025-09-06T12:00:00Z,36,115.7,18.3,18,1000
2025_0020,2025-09-06T18:00:00Z,42,115.0,18.5,18,1000
2025_0020,2025-09-07T00:00:00Z,48,114.6,18.6,23,990
2025_0020,2025-09-07T03:00:00Z,51,114.3,18.7,23,990
2025_0020,2025-09-07T06:00:00Z,54,114.0,19.0,23,990
2025_0020,2025-09-07T09:00:00Z,57,113.8,19.5,25,985
2025_0020,2025-09-07T12:00:00Z,60,113.6,19.9,25,985
2025_0020,2025-09-07T15:00:00Z,63,113.4,20.2,28,982
2025_0020,2025-09-07T18:00:00Z,66,113.2,20.8,30,980
2025_0020,2025-09-07T21:00:00Z,69,112.8,21.4,30,980
2025_0020,2025-09-08T00:00:00Z,72,112.6,21.7,33,975
2025_0020,2025-09-08T03:00:00Z,75,112.4,22.2,30,980
2025_0020,2025-09-08T06:00:00Z,78,111.9,22.8,25,990
2025_0020,2025-09-08T09:00:00Z,81,111.4,23.1,20,995
2025_0020,2025-09-08T12:00:00Z,84,111.0,23.4,18,998
2025_0020,2025-09-08T15:00:00Z,87,110.8,23.7,15,1000
2025_0020,2025-09-08T18:00:00Z,90,110.5,24.0,15,1000
2025_0020,2025-09-08T21:00:00Z,93,110.2,24.2,13,1002
2025_0020,2025-09-09T00:00:00Z,96,109.9,24.6,10,1004
2025_0020,2025-09-09T03:00:00Z,99,109.6,24.9,10,1004
2025_0021,2025-09-16T06:00:00Z,0,123.7,15.3,13,1004
2025_0021,2025-09-16T12:00:00Z,6,122.9,15.7,15,1002
2025_0021,2025-09-16T18:00:00Z,12,122.3,16.0,15,1002
2025_0021,2025-09-17T00:00:00Z,18,121.5,16.7,15,1002
2025_0021,2025-09-17T06:00:00Z,24,121.0,17.6,15,1002
2025_0021,2025-09-17T12:00:00Z,30,120.1,18.2,15,1002
2025_0021,2025-09-17T18:00:00Z,36,119.2,19.1,15,1002
2025_0021,2025-09-18T00:00:00Z,42,118.6,19.6,15,1002
2025_0021,2025-09-18T06:00:00Z,48,118.2,19.9,18,1000
2025_0021,2025-09-18T09:00:00Z,51,117.6,20.2,18,1000
2025_0021,2025-09-18T12:00:00Z,54,117.3,20.5,20,995
2025_0021,2025-09-18T15:00:00Z,57,116.9,20.7,20,995
2025_0021,2025-09-18T18:00:00Z,60,116.5,21.1,20,995
2025_0021,2025-09-18T21:00:00Z,63,116.1,21.7,20,995
2025_0021,2025-09-19T00:00:00Z,66,115.8,22.2,23,992
2025_0021,2025-09-19T03:00:00Z,69,115.7,22.4,25,990
2025_0021,2025-09-19T06:00:00Z,72,115.5,22.6,25,990
2025_0021,2025-09-19T09:00:00Z,75,115.2,22.9,20,995
2025_0021,2025-09-19T12:00:00Z,78,114.9,23.1,18,998
2025_0021,2025-09-19T15:00:00Z,81,114.6,23.2,15,1000
2025_0021,2025-09-19T18:00:00Z,84,114.4,23.2,15,1000
2025_0021,2025-09-19T21:00:00Z,87,114.2,23.2,13,1002
2025_0021,2025-09-20T00:00:00Z,90,114.0,23.2,10,1004
2025_0022,2025-09-17T00:00:00Z,0,137.0,13.3,13,1002
2025_0022,2025-09-17T06:00:00Z,6,135.8,14.0,13,1002
2025_0022,2025-09-17T12:00:00Z,12,134.8,14.5,13,1002
2025_0022,2025-09-17T18:00:00Z,18,134.3,14.7,13,1002
2025_0022,2025-09-18T00:00:00Z,24,133.9,15.1,13,1002
2025_0022,2025-09-18T06:00:00Z,30,133.5,15.5,15,1000
2025_0022,2025-09-18T12:00:00Z,36,133.2,15.8,18,998
2025_0022,2025-09-18T18:00:00Z,42,132.4,16.2,18,998
2025_0022,2025-09-19T00:00:00Z,48,131.3,16.0,20,995
2025_0022,2025-09-19T06:00:00Z,54,130.7,16.1,20,995
2025_0022,2025-09-19T12:00:00Z,60,130.3,16.2,25,985
2025_0022,2025-09-19T18:00:00Z,66,130.0,16.3,30,980
2025_0022,2025-09-20T00:00:00Z,72,129.6,16.4,33,975
2025_0022,2025-09-20T06:00:00Z,78,129.0,16.8,38,965
2025_0022,2025-09-20T12:00:00Z,84,128.6,17.3,42,955
2025_0022,2025-09-20T18:00:00Z,90,127.8,17.8,48,945
2025_0022,2025-09-21T00:00:00Z,96,127.0,17.9,55,930
2025_0022,2025-09-21T06:00:00Z,102,126.3,18.4,62,910
2025_0022,2025-09-21T12:00:00Z,108,125.4,18.8,68,900
2025_0022,2025-09-21T18:00:00Z,114,124.2,19.2,68,900
2025_0022,2025-09-22T00:00:00Z,120,123.0,19.3,68,900
2025_0022,2025-09-22T06:00:00Z,126,121.8,19.4,68,900
2025_0022,2025-09-22T12:00:00Z,132,120.6,19.5,62,910
2025_0022,2025-09-22T18:00:00Z,138,119.3,19.6,58,920
2025_0022,2025-09-23T00:00:00Z,144,118.3,19.9,58,920
2025_0022,2025-09-23T06:00:00Z,150,117.2,20.3,58,920
2025_0022,2025-09-23T09:00:00Z,153,116.7,20.6,58,920
2025_0022,2025-09-23T12:00:00Z,156,116.1,20.8,55,925
2025_0022,2025-09-23T15:00:00Z,159,115.5,21.0,55,925
2025_0022,2025-09-23T18:00:00Z,162,114.9,21.1,55,925
2025_0022,2025-09-23T21:00:00Z,165,114.3,21.1,55,925
2025_0022,2025-09-24T00:00:00Z,168,113.8,21.2,55,925
2025_0022,2025-09-24T03:00:00Z,171,113.3,21.4,52,935
2025_0022,2025-09-24T06:00:00Z,174,112.6,21.6,45,945
2025_0022,2025-09-24T09:00:00Z,177,111.9,21.7,40,950
2025_0022,2025-09-24T12:00:00Z,180,111.2,21.6,30,975
2025_0022,2025-09-24T15:00:00Z,183,110.5,21.5,25,985
2025_0022,2025-09-24T18:00:00Z,186,109.8,21.4,23,988
2025_0022,2025-09-24T21:00:00Z,189,109.4,21.5,20,990
2025_0022,2025-09-25T00:00:00Z,192,109.0,21.4,18,995
2025_0022,2025-09-25T03:00:00Z,195,108.5,21.9,15,1000
2025_0022,2025-09-25T06:00:00Z,198,107.7,22.1,13,1000
2025_0022,2025-09-25T09:00:00Z,201,107.2,22.1,13,1000
2025_0022,2025-09-25T12:00:00Z,204,106.8,21.9,10,1004
2025_0023,2025-09-17T12:00:00Z,0,166.0,22.4,13,1005
2025_0023,2025-09-17T18:00:00Z,6,165.5,22.8,13,1005
2025_0023,2025-09-18T00:00:00Z,12,164.9,23.1,13,1005
2025_0023,2025-09-18T06:00:00Z,18,164.0,23.3,15,1002
2025_0023,2025-09-18T12:00:00Z,24,163.0,23.5,18,998
2025_0023,2025-09-18T18:00:00Z,30,162.3,23.6,20,995
2025_0023,2025-09-19T00:00:00Z,36,161.3,23.8,20,995
2025_0023,2025-09-19T06:00:00Z,42,160.3,24.1,25,990
2025_0023,2025-09-19T12:00:00Z,48,159.1,24.7,28,985
2025_0023,2025-09-19T18:00:00Z,54,158.1,25.1,33,975
2025_0023,2025-09-20T00:00:00Z,60,156.8,25.4,35,970
2025_0023,2025-09-20T06:00:00Z,66,156.0,25.9,42,955
2025_0023,2025-09-20T12:00:00Z,72,155.0,26.3,48,945
2025_0023,2025-09-20T18:00:00Z,78,153.8,26.8,58,930
2025_0023,2025-09-21T00:00:00Z,84,152.7,27.3,58,930
2025_0023,2025-09-21T06:00:00Z,90,151.8,27.8,58,930
2025_0023,2025-09-21T12:00:00Z,96,151.3,28.5,52,935
2025_0023,2025-09-21T18:00:00Z,102,150.9,29.3,50,940
2025_0023,2025-09-22T00:00:00Z,108,151.0,29.7,50,940
2025_0023,2025-09-22T06:00:00Z,114,151.7,30.2,48,945
2025_0023,2025-09-22T12:00:00Z,120,152.3,30.4,42,955
2025_0023,2025-09-22T18:00:00Z,126,152.8,30.4,38,965
2025_0023,2025-09-23T00:00:00Z,132,153.2,30.5,38,965
2025_0023,2025-09-23T06:00:00Z,138,153.4,30.6,33,975
2025_0023,2025-09-23T12:00:00Z,144,153.6,30.6,33,975
2025_0023,2025-09-23T18:00:00Z,150,153.9,30.5,33,975
2025_0023,2025-09-24T00:00:00Z,156,154.5,30.4,33,975
2025_0023,2025-09-24T06:00:00Z,162,155.4,30.6,28,985
2025_0023,2025-09-24T12:00:00Z,168,156.6,31.2,28,985
2025_0023,2025-09-24T18:00:00Z,174,157.4,32.3,28,985
2025_0023,2025-09-25T00:00:00Z,180,157.1,33.0,28,985
2025_0023,2025-09-25T06:00:00Z,186,156.0,32.9,28,985
2025_0023,2025-09-25T12:00:00Z,192,154.9,32.4,28,985
2025_0023,2025-09-25T18:00:00Z,198,154.0,32.0,28,985
2025_0023,2025-09-26T00:00:00Z,204,153.8,31.8,28,985
2025_0023,2025-09-26T06:00:00Z,210,153.6,32.1,28,985
2025_0023,2025-09-26T12:00:00Z,216,153.9,31.9,28,985
2025_0023,2025-09-26T18:00:00Z,222,154.3,31.7,28,985
2025_0023,2025-09-27T00:00:00Z,228,155.5,31.5,30,980
2025_0023,2025-09-27T06:00:00Z,234,157.1,31.8,30,980
2025_0023,2025-09-27T12:00:00Z,240,158.6,32.3,33,975
2025_0023,2025-09-27T18:00:00Z,246,160.4,33.2,38,965
2025_0023,2025-09-28T00:00:00Z,252,162.4,34.3,48,945
2025_0023,2025-09-28T06:00:00Z,258,164.7,35.8,50,940
2025_0023,2025-09-28T12:00:00Z,264,167.4,38.0,45,950
2025_0023,2025-09-28T18:00:00Z,270,169.8,40.4,42,955
2025_0023,2025-09-29T00:00:00Z,276,172.2,42.3,35,970
2025_0023,2025-09-29T06:00:00Z,282,175.7,43.9,30,980
2025_0023,2025-09-29T12:00:00Z,288,177.9,44.3,28,985
2025_0023,2025-09-29T18:00:00Z,294,181.1,44.5,23,990
2025_0023,2025-09-30T00:00:00Z,300,184.4,44.6,18,998
2025_0023,2025-09-30T06:00:00Z,306,189.5,44.8,15,1000
2025_0023,2025-09-30T12:00:00Z,312,193.2,45.2,15,1000
2025_0023,2025-09-30T18:00:00Z,318,194.5,45.2,13,1002
2025_0023,2025-10-01T00:00:00Z,324,196.0,45.0,10,1005
2025_0024,2025-09-23T00:00:00Z,0,136.1,10.7,13,1005
2025_0024,2025-09-23T06:00:00Z,6,135.4,10.1,15,1002
2025_0024,2025-09-23T12:00:00Z,12,134.5,9.8,15,1002
2025_0024,2025-09-23T18:00:00Z,18,133.7,9.6,18,998
2025_0024,2025-09-24T00:00:00Z,24,132.8,9.8,20,995
2025_0024,2025-09-24T06:00:00Z,30,131.9,10.0,23,992
2025_0024,2025-09-24T12:00:00Z,36,131.1,10.3,25,990
2025_0024,2025-09-24T18:00:00Z,42,130.0,10.7,28,985
2025_0024,2025-09-25T00:00:00Z,48,129.0,11.0,30,980
2025_0024,2025-09-25T06:00:00Z,54,128.0,11.2,33,975
2025_0024,2025-09-25T12:00:00Z,60,126.8,11.6,33,975
2025_0024,2025-09-25T18:00:00Z,66,124.8,12.1,30,980
2025_0024,2025-09-26T00:00:00Z,72,122.7,12.3,30,980
2025_0024,2025-09-26T06:00:00Z,78,121.0,12.8,30,980
2025_0024,2025-09-26T12:00:00Z,84,119.2,13.2,30,980
2025_0024,2025-09-26T18:00:00Z,90,117.4,13.8,33,975
2025_0024,2025-09-27T00:00:00Z,96,115.6,14.6,33,975
2025_0024,2025-09-27T06:00:00Z,102,113.8,15.2,33,975
2025_0024,2025-09-27T12:00:00Z,108,112.2,15.7,33,975
2025_0024,2025-09-27T18:00:00Z,114,110.7,16.0,33,975
2025_0024,2025-09-28T00:00:00Z,120,109.4,16.5,35,970
2025_0024,2025-09-28T06:00:00Z,126,108.1,17.1,35,970
2025_0024,2025-09-28T12:00:00Z,132,107.1,17.7,35,970
2025_0024,2025-09-28T18:00:00Z,138,106.2,18.2,35,970
2025_0024,2025-09-29T00:00:00Z,144,105.1,18.7,28,985
2025_0024,2025-09-29T06:00:00Z,150,103.3,19.8,20,995
2025_0024,2025-09-29T12:00:00Z,156,101.6,20.6,18,998
2025_0024,2025-09-29T18:00:00Z,162,100.5,21.1,13,1002
2025_0024,2025-09-30T00:00:00Z,168,99.3,22.0,13,1002
2025_0024,2025-09-30T06:00:00Z,174,98.3,23.1,13,1002
2025_0024,2025-09-30T12:00:00Z,180,97.8,24.3,10,1004
2025_0025,2025-10-01T00:00:00Z,0,131.2,14.2,13,1004
2025_0025,2025-10-01T06:00:00Z,6,130.4,14.5,15,1002
2025_0025,2025-10-01T12:00:00Z,12,129.6,14.7,15,1002
2025_0025,2025-10-01T18:00:00Z,18,128.4,14.9,15,1002
2025_0025,2025-10-02T00:00:00Z,24,127.3,15.0,18,998
2025_0025,2025-10-02T06:00:00Z,30,126.3,15.2,20,995
2025_0025,2025-10-02T12:00:00Z,36,125.1,15.6,23,990
2025_0025,2025-10-02T18:00:00Z,42,123.9,15.9,25,988
2025_0025,2025-10-03T00:00:00Z,48,122.6,16.4,28,985
2025_0025,2025-10-03T06:00:00Z,54,121.1,16.8,28,985
2025_0025,2025-10-03T12:00:00Z,60,119.4,17.4,28,985
2025_0025,2025-10-03T18:00:00Z,66,118.0,17.7,30,982
2025_0025,2025-10-04T00:00:00Z,72,116.5,18.1,30,982
2025_0025,2025-10-04T06:00:00Z,78,115.3,18.3,33,980
2025_0025,2025-10-04T09:00:00Z,81,114.7,18.5,35,978
2025_0025,2025-10-04T12:00:00Z,84,114.1,18.9,38,975
2025_0025,2025-10-04T15:00:00Z,87,113.5,19.2,38,975
2025_0025,2025-10-04T18:00:00Z,90,112.8,19.6,40,970
2025_0025,2025-10-04T21:00:00Z,93,112.3,19.8,42,965
2025_0025,2025-10-05T00:00:00Z,96,111.7,20.1,42,965
2025_0025,2025-10-05T03:00:00Z,99,111.1,20.5,42,965
2025_0025,2025-10-05T06:00:00Z,102,110.5,20.7,42,965
2025_0025,2025-10-05T09:00:00Z,105,110.0,20.9,40,970
2025_0025,2025-10-05T12:00:00Z,108,109.4,21.2,38,975
2025_0025,2025-10-05T15:00:00Z,111,109.0,21.4,33,980
2025_0025,2025-10-05T18:00:00Z,114,108.3,21.8,25,985
2025_0025,2025-10-05T21:00:00Z,117,107.7,21.8,20,990
2025_0025,2025-10-06T00:00:00Z,120,107.4,21.8,18,995
2025_0025,2025-10-06T03:00:00Z,123,107.1,21.9,15,998
2025_0025,2025-10-06T06:00:00Z,126,106.7,22.1,13,1000
2025_0025,2025-10-06T12:00:00Z,132,106.1,22.7,10,1002
2025_0026,2025-10-04T00:00:00Z,0,143.4,23.6,15,1002
2025_0026,2025-10-04T06:00:00Z,6,143.8,24.4,15,1002
2025_0026,2025-10-04T12:00:00Z,12,143.6,24.6,15,1002
2025_0026,2025-10-04T18:00:00Z,18,142.9,24.8,18,1000
2025_0026,2025-10-05T00:00:00Z,24,142.6,24.8,18,1000
2025_0026,2025-10-05T06:00:00Z,30,142.4,24.9,18,1000
2025_0026,2025-10-05T12:00:00Z,36,142.3,25.1,23,992
2025_0026,2025-10-05T18:00:00Z,42,141.7,25.3,25,990
2025_0026,2025-10-06T00:00:00Z,48,141.3,25.4,28,985
2025_0026,2025-10-06T06:00:00Z,54,140.8,25.7,30,980
2025_0026,2025-10-06T12:00:00Z,60,140.1,26.1,33,975
2025_0026,2025-10-06T18:00:00Z,66,139.2,26.5,38,965
2025_0026,2025-10-07T00:00:00Z,72,138.7,26.8,42,955
2025_0026,2025-10-07T06:00:00Z,78,138.0,27.6,45,950
2025_0026,2025-10-07T12:00:00Z,84,137.3,28.1,52,940
2025_0026,2025-10-07T18:00:00Z,90,136.9,28.8,55,935
2025_0026,2025-10-08T00:00:00Z,96,137.0,29.5,55,935
2025_0026,2025-10-08T06:00:00Z,102,137.7,30.5,55,935
2025_0026,2025-10-08T12:00:00Z,108,138.5,31.3,55,935
2025_0026,2025-10-08T18:00:00Z,114,139.4,32.4,52,940
2025_0026,2025-10-09T00:00:00Z,120,141.0,32.9,50,945
2025_0026,2025-10-09T06:00:00Z,126,143.6,33.6,45,950
2025_0026,2025-10-09T12:00:00Z,132,146.9,34.0,45,950
2025_0026,2025-10-09T18:00:00Z,138,150.0,34.2,38,970
2025_0026,2025-10-10T00:00:00Z,144,155.0,34.5,38,970
2025_0026,2025-10-10T06:00:00Z,150,159.0,34.7,30,980
2025_0026,2025-10-10T12:00:00Z,156,162.9,34.8,30,982
2025_0026,2025-10-10T18:00:00Z,162,167.5,35.9,25,985
2025_0026,2025-10-11T00:00:00Z,168,171.9,38.0,25,985
2025_0026,2025-10-11T06:00:00Z,174,177.2,41.6,25,980
2025_0026,2025-10-11T12:00:00Z,180,182.2,45.2,23,985
2025_0027,2025-10-07T12:00:00Z,0,140.9,16.0,13,1005
2025_0027,2025-10-07T18:00:00Z,6,139.5,17.0,15,1002
2025_0027,2025-10-08T00:00:00Z,12,138.5,18.0,15,1002
2025_0027,2025-10-08T06:00:00Z,18,138.2,19.1,18,1000
2025_0027,2025-10-08T12:00:00Z,24,137.3,20.5,18,1000
2025_0027,2025-10-08T18:00:00Z,30,136.3,21.7,18,1000
2025_0027,2025-10-09T00:00:00Z,36,135.7,22.9,18,1000
2025_0027,2025-10-09T06:00:00Z,42,134.8,24.0,18,1000
2025_0027,2025-10-09T12:00:00Z,48,134.3,24.7,18,1000
2025_0027,2025-10-09T18:00:00Z,54,133.6,25.7,18,1000
2025_0027,2025-10-10T00:00:00Z,60,132.7,26.8,18,1000
2025_0027,2025-10-10T06:00:00Z,66,131.6,27.1,18,1000
2025_0027,2025-10-10T12:00:00Z,72,130.9,26.9,18,1000
2025_0027,2025-10-10T18:00:00Z,78,130.3,26.6,23,995
2025_0027,2025-10-11T00:00:00Z,84,130.3,27.2,23,995
2025_0027,2025-10-11T06:00:00Z,90,131.0,27.8,23,995
2025_0027,2025-10-11T12:00:00Z,96,131.3,28.7,23,995
2025_0027,2025-10-11T18:00:00Z,102,132.3,29.4,25,990
2025_0027,2025-10-12T00:00:00Z,108,133.7,30.0,30,985
2025_0027,2025-10-12T06:00:00Z,114,135.1,31.0,30,985
2025_0027,2025-10-12T12:00:00Z,120,136.5,31.6,30,985
2025_0027,2025-10-12T18:00:00Z,126,138.4,32.3,33,980
2025_0027,2025-10-13T00:00:00Z,132,140.3,33.0,35,975
2025_0027,2025-10-13T06:00:00Z,138,142.7,33.6,35,975
2025_0027,2025-10-13T12:00:00Z,144,145.3,34.0,35,975
2025_0027,2025-10-13T18:00:00Z,150,148.0,34.3,33,980
2025_0027,2025-10-14T00:00:00Z,156,151.4,34.6,33,980
2025_0027,2025-10-14T06:00:00Z,162,154.7,35.0,33,980
2025_0027,2025-10-14T12:00:00Z,168,158.0,35.6,30,985
2025_0027,2025-10-14T18:00:00Z,174,161.3,35.8,28,990
2025_0027,2025-10-15T00:00:00Z,180,164.4,35.8,23,995
2025_0027,2025-10-15T06:00:00Z,186,168.2,35.8,18,1002
2025_0027,2025-10-15T12:00:00Z,192,171.8,36.0,15,1005
2025_0027,2025-10-15T18:00:00Z,198,175.2,36.9,13,1008
2025_0027,2025-10-16T00:00:00Z,204,178.2,37.6,13,1008
2025_0027,2025-10-16T06:00:00Z,210,182.3,38.9,13,1008
2025_0028,2025-10-16T18:00:00Z,0,132.6,13.7,13,1002
2025_0028,2025-10-17T00:00:00Z,6,131.5,13.7,13,1002
2025_0028,2025-10-17T06:00:00Z,12,130.2,13.5,13,1002
2025_0028,2025-10-17T12:00:00Z,18,128.8,13.2,15,1000
2025_0028,2025-10-17T18:00:00Z,24,127.2,12.9,18,998
2025_0028,2025-10-18T00:00:00Z,30,126.1,12.9,18,998
2025_0028,2025-10-18T06:00:00Z,36,124.9,13.0,18,998
2025_0028,2025-10-18T12:00:00Z,42,123.5,13.5,18,998
2025_0028,2025-10-18T18:00:00Z,48,122.5,13.9,20,995
2025_0028,2025-10-19T00:00:00Z,54,121.4,14.2,20,995
2025_0028,2025-10-19T06:00:00Z,60,119.9,15.0,20,995
2025_0028,2025-10-19T12:00:00Z,66,119.0,16.0,23,990
2025_0028,2025-10-19T18:00:00Z,72,117.7,17.2,23,990
2025_0028,2025-10-20T00:00:00Z,78,116.7,18.0,23,990
2025_0028,2025-10-20T06:00:00Z,84,115.6,18.4,23,990
2025_0028,2025-10-20T12:00:00Z,90,114.3,18.5,25,985
2025_0028,2025-10-20T18:00:00Z,96,113.2,18.1,25,985
2025_0028,2025-10-21T00:00:00Z,102,112.8,18.0,25,985
2025_0028,2025-10-21T06:00:00Z,108,112.3,17.8,28,982
2025_0028,2025-10-21T12:00:00Z,114,111.8,17.6,33,975
2025_0028,2025-10-21T18:00:00Z,120,111.4,17.5,33,975
2025_0028,2025-10-22T00:00:00Z,126,111.0,17.5,33,975
2025_0028,2025-10-22T06:00:00Z,132,110.2,17.3,30,980
2025_0028,2025-10-22T12:00:00Z,138,109.6,16.7,23,990
2025_0028,2025-10-22T18:00:00Z,144,109.0,16.2,18,998
2025_0028,2025-10-23T00:00:00Z,150,108.5,16.1,15,1000
2025_0028,2025-10-23T06:00:00Z,156,108.2,15.8,13,1005
2025_0029,2025-10-31T12:00:00Z,0,140.3,8.0,13,1005
2025_0029,2025-10-31T18:00:00Z,6,139.7,8.5,13,1005
2025_0029,2025-11-01T00:00:00Z,12,139.0,9.0,15,1002
2025_0029,2025-11-01T06:00:00Z,18,138.1,9.7,15,1002
2025_0029,2025-11-01T12:00:00Z,24,137.1,10.3,18,998
2025_0029,2025-11-01T18:00:00Z,30,135.9,10.6,20,995
2025_0029,2025-11-02T00:00:00Z,36,134.9,10.9,23,990
2025_0029,2025-11-02T06:00:00Z,42,133.4,11.1,25,988
2025_0029,2025-11-02T12:00:00Z,48,131.7,11.1,28,985
2025_0029,2025-11-02T18:00:00Z,54,130.0,10.8,30,980
2025_0029,2025-11-03T00:00:00Z,60,128.8,10.5,33,975
2025_0029,2025-11-03T06:00:00Z,66,127.7,10.4,38,965
2025_0029,2025-11-03T12:00:00Z,72,126.2,10.6,42,955
2025_0029,2025-11-03T18:00:00Z,78,124.4,10.6,40,960
2025_0029,2025-11-04T00:00:00Z,84,123.0,10.8,38,965
2025_0029,2025-11-04T06:00:00Z,90,122.0,10.4,38,965
2025_0029,2025-11-04T12:00:00Z,96,120.8,10.8,38,965
2025_0029,2025-11-04T18:00:00Z,102,119.8,11.0,38,965
2025_0029,2025-11-05T00:00:00Z,108,119.1,11.4,40,960
2025_0029,2025-11-05T06:00:00Z,114,117.5,11.9,42,955
2025_0029,2025-11-05T12:00:00Z,120,116.1,12.5,42,955
2025_0029,2025-11-05T18:00:00Z,126,114.3,13.2,50,945
2025_0029,2025-11-06T00:00:00Z,132,112.2,13.1,52,940
2025_0029,2025-11-06T06:00:00Z,138,110.6,13.3,52,940
2025_0029,2025-11-06T12:00:00Z,144,109.1,13.7,42,955
2025_0029,2025-11-06T18:00:00Z,150,108.0,14.1,28,985
2025_0029,2025-11-07T00:00:00Z,156,106.8,14.4,18,1000
2025_0029,2025-11-07T06:00:00Z,162,105.5,14.7,15,1004
2025_0029,2025-11-07T12:00:00Z,168,104.2,15.2,10,1008
2025_0030,2025-11-05T00:00:00Z,0,143.2,8.2,15,1000
2025_0030,2025-11-05T06:00:00Z,6,142.7,8.7,15,1000
2025_0030,2025-11-05T12:00:00Z,12,141.7,9.1,15,1000
2025_0030,2025-11-05T18:00:00Z,18,141.3,9.5,18,998
2025_0030,2025-11-06T00:00:00Z,24,140.8,10.0,20,995
2025_0030,2025-11-06T06:00:00Z,30,140.2,10.1,20,995
2025_0030,2025-11-06T12:00:00Z,36,139.4,10.4,23,990
2025_0030,2025-11-06T18:00:00Z,42,138.8,10.8,25,985
2025_0030,2025-11-07T00:00:00Z,48,138.1,11.4,28,982
2025_0030,2025-11-07T06:00:00Z,54,136.6,11.8,30,980
2025_0030,2025-11-07T12:00:00Z,60,135.4,12.0,33,975
2025_0030,2025-11-07T18:00:00Z,66,134.3,12.1,35,970
2025_0030,2025-11-08T00:00:00Z,72,132.3,12.6,38,965
2025_0030,2025-11-08T06:00:00Z,78,130.7,13.0,42,955
2025_0030,2025-11-08T12:00:00Z,84,128.3,13.3,48,945
2025_0030,2025-11-08T18:00:00Z,90,126.4,13.8,52,935
2025_0030,2025-11-09T00:00:00Z,96,124.8,14.3,52,935
2025_0030,2025-11-09T06:00:00Z,102,123.3,14.9,52,935
2025_0030,2025-11-09T12:00:00Z,108,121.9,15.9,48,945
2025_0030,2025-11-09T18:00:00Z,114,120.0,16.6,42,955
2025_0030,2025-11-10T00:00:00Z,120,119.2,17.1,38,965
2025_0030,2025-11-10T06:00:00Z,126,118.8,17.6,35,970
2025_0030,2025-11-10T12:00:00Z,132,118.5,18.2,35,970
2025_0030,2025-11-10T18:00:00Z,138,118.3,19.0,35,970
2025_0030,2025-11-11T00:00:00Z,144,118.2,19.5,33,975
2025_0030,2025-11-11T06:00:00Z,150,118.5,20.2,30,980
2025_0030,2025-11-11T12:00:00Z,156,118.8,20.7,28,982
2025_0030,2025-11-11T15:00:00Z,159,118.9,20.9,25,985
2025_0030,2025-11-11T18:00:00Z,162,118.9,21.2,25,985
2025_0030,2025-11-11T21:00:00Z,165,119.0,21.4,25,985
2025_0030,2025-11-12T00:00:00Z,168,119.2,21.5,23,990
2025_0030,2025-11-12T03:00:00Z,171,119.5,21.7,23,990
2025_0030,2025-11-12T06:00:00Z,174,119.9,21.8,23,990
2025_0030,2025-11-12T09:00:00Z,177,120.3,22.0,23,990
2025_0030,2025-11-12T12:00:00Z,180,120.8,22.1,20,995
2025_0030,2025-11-12T18:00:00Z,186,121.8,23.1,18,998
2025_0030,2025-11-13T00:00:00Z,192,123.0,24.8,18,998
2025_0030,2025-11-13T06:00:00Z,198,124.8,25.4,18,998
2025_0030,2025-11-13T12:00:00Z,204,126.9,25.8,15,1000
2025_0031,2025-11-23T18:00:00Z,0,128.7,8.6,13,1002
2025_0031,2025-11-24T00:00:00Z,6,127.1,9.0,15,1000
2025_0031,2025-11-24T06:00:00Z,12,126.4,9.4,15,1000
2025_0031,2025-11-24T12:00:00Z,18,125.3,9.6,15,1000
2025_0031,2025-11-24T18:00:00Z,24,124.0,10.0,15,1000
2025_0031,2025-11-25T00:00:00Z,30,122.4,10.3,15,1000
2025_0031,2025-11-25T06:00:00Z,36,121.1,10.7,15,1000
2025_0031,2025-11-25T12:00:00Z,42,120.2,11.4,18,998
2025_0031,2025-11-25T18:00:00Z,48,119.2,11.8,23,992
2025_0031,2025-11-26T00:00:00Z,54,117.6,12.2,25,990
2025_0031,2025-11-26T06:00:00Z,60,116.5,12.1,28,985
2025_0031,2025-11-26T12:00:00Z,66,115.4,12.5,30,980
2025_0031,2025-11-26T18:00:00Z,72,114.8,13.0,33,975
2025_0031,2025-11-27T00:00:00Z,78,114.1,13.2,35,970
2025_0031,2025-11-27T06:00:00Z,84,113.6,13.1,35,970
2025_0031,2025-11-27T12:00:00Z,90,113.5,12.7,33,975
2025_0031,2025-11-27T18:00:00Z,96,113.3,12.4,30,980
2025_0031,2025-11-28T00:00:00Z,102,113.0,12.4,28,985
2025_0031,2025-11-28T06:00:00Z,108,112.7,12.5,25,990
2025_0031,2025-11-28T12:00:00Z,114,112.5,12.7,25,990
2025_0031,2025-11-28T18:00:00Z,120,112.3,13.0,25,990
2025_0031,2025-11-29T00:00:00Z,126,112.2,13.2,25,990
2025_0031,2025-11-29T06:00:00Z,132,112.0,13.3,23,992
2025_0031,2025-11-29T12:00:00Z,138,112.1,13.4,23,992
2025_0031,2025-11-29T18:00:00Z,144,112.2,13.8,25,990
2025_0031,2025-11-30T00:00:00Z,150,112.3,14.0,25,990
2025_0031,2025-11-30T06:00:00Z,156,112.3,14.2,25,990
2025_0031,2025-11-30T12:00:00Z,162,112.2,14.3,20,995
2025_0031,2025-11-30T18:00:00Z,168,112.0,14.5,20,995
2025_0031,2025-12-01T00:00:00Z,174,111.6,14.7,18,998
2025_0031,2025-12-01T06:00:00Z,180,111.5,14.7,15,1000
2025_0031,2025-12-01T12:00:00Z,186,111.5,14.5,15,1000
2025_0031,2025-12-01T18:00:00Z,192,111.3,14.4,15,1000
2025_0031,2025-12-02T00:00:00Z,198,111.5,14.2,13,1002
2025_0031,2025-12-02T06:00:00Z,204,111.7,14.1,13,1002
2025_0031,2025-12-02T12:00:00Z,210,111.7,13.9,13,1002
2025_0031,2025-12-02T18:00:00Z,216,111.1,13.7,13,1002
2025_0031,2025-12-03T00:00:00Z,222,110.5,13.2,13,1002
2025_0031,2025-12-03T06:00:00Z,228,109.7,13.0,10,1005
2025_0031,2025-12-03T12:00:00Z,234,108.7,12.5,10,1005
2025_0032,2025-11-25T12:00:00Z,0,98.9,5.1,13,1008
2025_0032,2025-11-25T18:00:00Z,6,98.4,5.1,15,1006
2025_0032,2025-11-26T00:00:00Z,12,98.0,5.0,18,1002
2025_0032,2025-11-26T06:00:00Z,18,97.8,4.7,18,1002
2025_0032,2025-11-26T12:00:00Z,24,98.3,4.1,15,1006
2025_0032,2025-11-26T18:00:00Z,30,99.2,3.7,15,1006
2025_0032,2025-11-27T00:00:00Z,36,99.9,3.6,15,1006
2025_0032,2025-11-27T06:00:00Z,42,100.4,3.6,15,1006
2025_0032,2025-11-27T12:00:00Z,48,101.1,3.6,15,1006
2025_0032,2025-11-27T18:00:00Z,54,101.8,3.6,13,1008
2025_0032,2025-11-28T00:00:00Z,60,103.0,3.6,13,1008
2025_0032,2025-11-28T06:00:00Z,66,103.8,3.9,15,1006
2025_0032,2025-11-28T12:00:00Z,72,104.3,4.2,15,1006
2025_0032,2025-11-28T18:00:00Z,78,105.1,4.4,15,1006
2025_0032,2025-11-29T00:00:00Z,84,106.1,4.6,15,1006
2025_0032,2025-11-29T06:00:00Z,90,106.8,4.9,15,1006
2025_0032,2025-11-29T12:00:00Z,96,107.6,5.3,13,1008
2025_0032,2025-11-29T18:00:00Z,102,108.4,5.8,13,1008
2025_0032,2025-11-30T00:00:00Z,108,108.9,6.5,13,1008
2025_0032,2025-11-30T06:00:00Z,114,109.3,7.4,13,1008
